# Baseline 4db25352a4eb04e0bdf0849458a221b51991e2dc; matched values intentionally omitted; line ranges are exhaustive for each row.
file	baseline_lines	classification	matched_categories	assessment
.github/workflows/osm-onboard.yml	16	ACTIVE	credential-setting	DEFERRED: CI redesign excluded; environment contract/scenario arguments required
README.md	107,200,322,342-343,548	DOCUMENTATION	deployment-identities	RETAINED: canonical default, test fixture or historical documentation
README.md	449-455,591,602	DOCUMENTATION	endpoint	RETAINED: canonical default, test fixture or historical documentation
README.md	480,529,540,569,573,601,724	DOCUMENTATION	network-address	RETAINED: canonical default, test fixture or historical documentation
README.md	660	DOCUMENTATION	reference-path,external-radio/IMS/RIC	RETAINED: canonical default, test fixture or historical documentation
README.md	559,561,582,702	DOCUMENTATION	resource/profile	RETAINED: canonical default, test fixture or historical documentation
bench-all-ran.sh	13	ACTIVE	endpoint	FIXED: shared contract/state/discovery, or canonical upstream URL/component identity retained
bench-all-ran.sh	35,93,109	ACTIVE	network-address	FIXED: shared contract/state/discovery, or canonical upstream URL/component identity retained
bench-all-ran.sh	12	ACTIVE	resource/profile	FIXED: shared contract/state/discovery, or canonical upstream URL/component identity retained
config/global.env.example	56,81	ACTIVE	credential-setting	FIXED: shared contract/state/discovery, or canonical upstream URL/component identity retained
config/global.env.example	55,57	ACTIVE	deployment-identities	FIXED: shared contract/state/discovery, or canonical upstream URL/component identity retained
config/global.env.example	32	ACTIVE	resource/profile	FIXED: shared contract/state/discovery, or canonical upstream URL/component identity retained
config/global.env.example	48-49	DOCUMENTATION	endpoint	RETAINED: canonical default, test fixture or historical documentation
config/global.env.example	24	DOCUMENTATION	network-address	RETAINED: canonical default, test fixture or historical documentation
config/global.env.example	36	DOCUMENTATION	reference-path	RETAINED: canonical default, test fixture or historical documentation
config/global.env.example	53,79-80,96	PROFILE DEFAULT	endpoint	RETAINED: canonical default, test fixture or historical documentation
config/global.env.example	69-74	PROFILE DEFAULT	resource/profile	RETAINED: canonical default, test fixture or historical documentation
config/scenarios.json	26,32,38-39,50,75,81,87-88,99,117,124,130,136-137,162-163,170,176,209,217,225-226,237,262,270,278-279,290,315,321,329-330,356,362,370-371,397,405,413-414,425,450,458,466-467,478,502-504,509	PROFILE DEFAULT	deployment-identities	RETAINED: canonical default, test fixture or historical documentation
deploy.sh	7	ACTIVE	endpoint	FIXED: shared contract/state/discovery, or canonical upstream URL/component identity retained
deploy/oai-nr-ue/deployment-cran.yaml	16	DOCUMENTATION	resource/profile	RETAINED: canonical default, test fixture or historical documentation
deploy/oai-nr-ue/deployment-cran.yaml	50	PROFILE DEFAULT	deployment-identities	RETAINED: canonical default, test fixture or historical documentation
deploy/oai-nr-ue/deployment-cran.yaml	46	PROFILE DEFAULT	resource/profile	RETAINED: canonical default, test fixture or historical documentation
deploy/oai-nr-ue/deployment.yaml	27	DOCUMENTATION	resource/profile	RETAINED: canonical default, test fixture or historical documentation
deploy/oai-nr-ue/deployment.yaml	36,68,94	PROFILE DEFAULT	resource/profile	RETAINED: canonical default, test fixture or historical documentation
deploy/oai-nr-ue/discover_gnb_cran.py	8,37	PROFILE DEFAULT	deployment-identities	RETAINED: canonical default, test fixture or historical documentation
deploy/oai-nr-ue/rbac.yaml	5,11,21,25	PROFILE DEFAULT	resource/profile	RETAINED: canonical default, test fixture or historical documentation
deploy/oai-nr-ue/ue-init-cran.sh	12	DOCUMENTATION	deployment-identities	RETAINED: canonical default, test fixture or historical documentation
deploy/ran-selector.service	10	ACTIVE	resource/profile	FIXED: shared contract/state/discovery, or canonical upstream URL/component identity retained
deploy/rancher-portforward.service	10	ACTIVE	network-address,deployment-identities	PARTIALLY FIXED: template preserved; renderer now uses contract, installer integration deferred
deploy/rancher-portforward.service	9	ACTIVE	resource/profile	PARTIALLY FIXED: template preserved; renderer now uses contract, installer integration deferred
docs/OSM19_INSTALL.md	296,406	DOCUMENTATION	credential-setting	RETAINED: canonical default, test fixture or historical documentation
docs/OSM19_INSTALL.md	211,213,400-401,405,408	DOCUMENTATION	deployment-identities	RETAINED: canonical default, test fixture or historical documentation
docs/OSM19_INSTALL.md	75-76,107,125,130,135,154,168,198,212,281,324,326-327	DOCUMENTATION	endpoint	RETAINED: canonical default, test fixture or historical documentation
docs/OSM19_INSTALL.md	4,183,221	DOCUMENTATION	network-address	RETAINED: canonical default, test fixture or historical documentation
docs/OSM19_INSTALL.md	278,323,356-358,369	DOCUMENTATION	network-address,endpoint	RETAINED: canonical default, test fixture or historical documentation
docs/OSM19_INSTALL.md	52	DOCUMENTATION	network-address,interface	RETAINED: canonical default, test fixture or historical documentation
docs/OSM19_INSTALL.md	15-16,262,348,366	DOCUMENTATION	resource/profile	RETAINED: canonical default, test fixture or historical documentation
docs/osm-ns-update-findings.md	33	DOCUMENTATION	deployment-identities	RETAINED: canonical default, test fixture or historical documentation
docs/p0a-review-fixes.md	24	DOCUMENTATION	resource/profile	RETAINED: canonical default, test fixture or historical documentation
docs/reproducibility-checklist.md	23,35	DOCUMENTATION	deployment-identities	RETAINED: canonical default, test fixture or historical documentation
docs/scenario-source-of-truth.md	45,61	DOCUMENTATION	deployment-identities	RETAINED: canonical default, test fixture or historical documentation
docs/scenario-source-of-truth.md	83	DOCUMENTATION	resource/profile	RETAINED: canonical default, test fixture or historical documentation
docs/troubleshooting.md	40	DOCUMENTATION	deployment-identities	RETAINED: canonical default, test fixture or historical documentation
helm/cran-oai/cu/Chart.yaml	2	PROFILE DEFAULT	deployment-identities	RETAINED: canonical default, test fixture or historical documentation
helm/cran-oai/cu/templates/cu.yaml	12-13,104,107	PROFILE DEFAULT	deployment-identities	RETAINED: canonical default, test fixture or historical documentation
helm/cran-oai/cu/templates/cu.yaml	34	PROFILE DEFAULT	network-address	RETAINED: canonical default, test fixture or historical documentation
helm/cran-oai/cu/templates/cu.yaml	4,74,76,83,87,111,117,120	PROFILE DEFAULT	resource/profile	RETAINED: canonical default, test fixture or historical documentation
helm/cran-oai/cu/values-cloudran.yaml	1	PROFILE DEFAULT	resource/profile,deployment-identities	RETAINED: canonical default, test fixture or historical documentation
helm/cran-oai/cu/values-vcran.yaml	1	PROFILE DEFAULT	resource/profile,deployment-identities	RETAINED: canonical default, test fixture or historical documentation
helm/cran-oai/cu/values.yaml	18	ACTIVE	interface	FIXED: shared contract/state/discovery, or canonical upstream URL/component identity retained
helm/cran-oai/cu/values.yaml	12	ACTIVE	network-address	FIXED: shared contract/state/discovery, or canonical upstream URL/component identity retained
helm/cran-oai/cu/values.yaml	2,31	PROFILE DEFAULT	deployment-identities	RETAINED: canonical default, test fixture or historical documentation
helm/cran-oai/cu/values.yaml	37	PROFILE DEFAULT	resource/profile,deployment-identities	RETAINED: canonical default, test fixture or historical documentation
helm/cran-oai/du/Chart.yaml	2	PROFILE DEFAULT	deployment-identities	RETAINED: canonical default, test fixture or historical documentation
helm/cran-oai/du/templates/du.yaml	12,14,16,224,230,232	PROFILE DEFAULT	deployment-identities	RETAINED: canonical default, test fixture or historical documentation
helm/cran-oai/du/templates/du.yaml	4,9,190,192,200,204,236,240,247,250	PROFILE DEFAULT	resource/profile	RETAINED: canonical default, test fixture or historical documentation
helm/cran-oai/du/values-cloudran.yaml	1-2	PROFILE DEFAULT	resource/profile,deployment-identities	RETAINED: canonical default, test fixture or historical documentation
helm/cran-oai/du/values-vcran.yaml	1-2	PROFILE DEFAULT	resource/profile,deployment-identities	RETAINED: canonical default, test fixture or historical documentation
helm/cran-oai/du/values.yaml	16	ACTIVE	interface	FIXED: shared contract/state/discovery, or canonical upstream URL/component identity retained
helm/cran-oai/du/values.yaml	36	DOCUMENTATION	resource/profile	RETAINED: canonical default, test fixture or historical documentation
helm/cran-oai/du/values.yaml	2,12	PROFILE DEFAULT	deployment-identities	RETAINED: canonical default, test fixture or historical documentation
helm/cran-oai/du/values.yaml	38-39	PROFILE DEFAULT	resource/profile,deployment-identities	RETAINED: canonical default, test fixture or historical documentation
helm/cran-srsran/cu/Chart.yaml	2	PROFILE DEFAULT	deployment-identities	RETAINED: canonical default, test fixture or historical documentation
helm/cran-srsran/cu/templates/cu.yaml	17,20	PROFILE DEFAULT	external-radio/IMS/RIC	RETAINED: canonical default, test fixture or historical documentation
helm/cran-srsran/cu/templates/cu.yaml	4,35,37,44,48,71,77,80	PROFILE DEFAULT	resource/profile	RETAINED: canonical default, test fixture or historical documentation
helm/cran-srsran/cu/values-cloudran.yaml	1	PROFILE DEFAULT	resource/profile,deployment-identities	RETAINED: canonical default, test fixture or historical documentation
helm/cran-srsran/cu/values-vcran.yaml	1	PROFILE DEFAULT	resource/profile,deployment-identities	RETAINED: canonical default, test fixture or historical documentation
helm/cran-srsran/cu/values.yaml	5	PROFILE DEFAULT	deployment-identities	RETAINED: canonical default, test fixture or historical documentation
helm/cran-srsran/cu/values.yaml	11	PROFILE DEFAULT	resource/profile,deployment-identities	RETAINED: canonical default, test fixture or historical documentation
helm/cran-srsran/du/Chart.yaml	2	PROFILE DEFAULT	deployment-identities	RETAINED: canonical default, test fixture or historical documentation
helm/cran-srsran/du/templates/du.yaml	17	PROFILE DEFAULT	external-radio/IMS/RIC	RETAINED: canonical default, test fixture or historical documentation
helm/cran-srsran/du/templates/du.yaml	31	PROFILE DEFAULT	network-address	RETAINED: canonical default, test fixture or historical documentation
helm/cran-srsran/du/templates/du.yaml	4,9,42,44,51,55,78,84,87	PROFILE DEFAULT	resource/profile	RETAINED: canonical default, test fixture or historical documentation
helm/cran-srsran/du/values-cloudran.yaml	1-2	PROFILE DEFAULT	resource/profile,deployment-identities	RETAINED: canonical default, test fixture or historical documentation
helm/cran-srsran/du/values-vcran.yaml	1-2	PROFILE DEFAULT	resource/profile,deployment-identities	RETAINED: canonical default, test fixture or historical documentation
helm/cran-srsran/du/values.yaml	2	DOCUMENTATION	resource/profile	RETAINED: canonical default, test fixture or historical documentation
helm/cran-srsran/du/values.yaml	4-5	PROFILE DEFAULT	resource/profile,deployment-identities	RETAINED: canonical default, test fixture or historical documentation
helm/fran-edge/Chart.yaml	2	PROFILE DEFAULT	deployment-identities	RETAINED: canonical default, test fixture or historical documentation
helm/fran-edge/Chart.yaml	8	PROFILE DEFAULT	network-address	RETAINED: canonical default, test fixture or historical documentation
helm/fran-edge/templates/edge-app.yaml	4,16-17,21,24,41,46,49	PROFILE DEFAULT	deployment-identities	RETAINED: canonical default, test fixture or historical documentation
helm/fran-edge/values.yaml	3	PROFILE DEFAULT	network-address	RETAINED: canonical default, test fixture or historical documentation
helm/hcran-oai/templates/gnb.yaml	12-13,288,292,302	LEGACY-DORMANT	deployment-identities	DEFERRED: preserved blocked component or historical/hardware helper; not used by ready registry dashboard path
helm/hcran-oai/values-small.yaml	2	LEGACY-DORMANT	deployment-identities	DEFERRED: preserved blocked component or historical/hardware helper; not used by ready registry dashboard path
helm/hcran-oai/values.yaml	2	LEGACY-DORMANT	deployment-identities	DEFERRED: preserved blocked component or historical/hardware helper; not used by ready registry dashboard path
helm/hcran-srsran/templates/gnb.yaml	33	LEGACY-DORMANT	external-radio/IMS/RIC	DEFERRED: preserved blocked component or historical/hardware helper; not used by ready registry dashboard path
helm/hcran-srsran/templates/gnb.yaml	43	LEGACY-DORMANT	network-address	DEFERRED: preserved blocked component or historical/hardware helper; not used by ready registry dashboard path
helm/hcran-srsran/values-small.yaml	2	LEGACY-DORMANT	deployment-identities	DEFERRED: preserved blocked component or historical/hardware helper; not used by ready registry dashboard path
helm/hcran-srsran/values.yaml	3	LEGACY-DORMANT	deployment-identities	DEFERRED: preserved blocked component or historical/hardware helper; not used by ready registry dashboard path
helm/ims/templates/deployment.yaml	20	LEGACY-DORMANT	network-address	DEFERRED: preserved blocked component or historical/hardware helper; not used by ready registry dashboard path
helm/ims/templates/deployment.yaml	406,410,414,418,422,426,430	LEGACY-DORMANT	resource/profile	DEFERRED: preserved blocked component or historical/hardware helper; not used by ready registry dashboard path
helm/ims/templates/env-configmap.yaml	13	LEGACY-DORMANT	credential-setting	DEFERRED: preserved blocked component or historical/hardware helper; not used by ready registry dashboard path
helm/ims/templates/env-configmap.yaml	6-12,15-16,18,22-23,25-26,28-32,34-38,40,42,44-46,48-59,61-63,70-72,75,77	LEGACY-DORMANT	network-address	DEFERRED: preserved blocked component or historical/hardware helper; not used by ready registry dashboard path
helm/ims/templates/env-configmap.yaml	20,24,60	LEGACY-DORMANT	resource/profile	DEFERRED: preserved blocked component or historical/hardware helper; not used by ready registry dashboard path
helm/ims/templates/service.yaml	8	LEGACY-DORMANT	resource/profile	DEFERRED: preserved blocked component or historical/hardware helper; not used by ready registry dashboard path
helm/ims/values.yaml	3	LEGACY-DORMANT	network-address	DEFERRED: preserved blocked component or historical/hardware helper; not used by ready registry dashboard path
helm/ims/values.yaml	1-2	LEGACY-DORMANT	reference-path,external-radio/IMS/RIC	DEFERRED: preserved blocked component or historical/hardware helper; not used by ready registry dashboard path
helm/oai-cran/templates/gnb.yaml	12-13,264,266,273,277,285,289,292	LEGACY-DORMANT	deployment-identities	DEFERRED: preserved blocked component or historical/hardware helper; not used by ready registry dashboard path
helm/oai/cu/Chart.yaml	2	LEGACY-DORMANT	deployment-identities	DEFERRED: preserved blocked component or historical/hardware helper; not used by ready registry dashboard path
helm/oai/cu/templates/cu.yaml	4,12-13,93,95,102,106,119,122,126,132,135	LEGACY-DORMANT	deployment-identities	DEFERRED: preserved blocked component or historical/hardware helper; not used by ready registry dashboard path
helm/oai/cu/templates/cu.yaml	37	LEGACY-DORMANT	network-address	DEFERRED: preserved blocked component or historical/hardware helper; not used by ready registry dashboard path
helm/oai/cu/values.yaml	2	LEGACY-DORMANT	deployment-identities	DEFERRED: preserved blocked component or historical/hardware helper; not used by ready registry dashboard path
helm/oai/cu/values.yaml	18	LEGACY-DORMANT	interface	DEFERRED: preserved blocked component or historical/hardware helper; not used by ready registry dashboard path
helm/oai/cu/values.yaml	12	LEGACY-DORMANT	network-address	DEFERRED: preserved blocked component or historical/hardware helper; not used by ready registry dashboard path
helm/oai/du/Chart.yaml	2	LEGACY-DORMANT	deployment-identities	DEFERRED: preserved blocked component or historical/hardware helper; not used by ready registry dashboard path
helm/oai/du/templates/du.yaml	4,9,12-13,231,233,240,244,256,259,263,269,272	LEGACY-DORMANT	deployment-identities	DEFERRED: preserved blocked component or historical/hardware helper; not used by ready registry dashboard path
helm/oai/du/templates/du.yaml	224	LEGACY-DORMANT	external-radio/IMS/RIC	DEFERRED: preserved blocked component or historical/hardware helper; not used by ready registry dashboard path
helm/oai/du/templates/du.yaml	223	LEGACY-DORMANT	network-address	DEFERRED: preserved blocked component or historical/hardware helper; not used by ready registry dashboard path
helm/oai/du/values.yaml	2,12	LEGACY-DORMANT	deployment-identities	DEFERRED: preserved blocked component or historical/hardware helper; not used by ready registry dashboard path
helm/oai/du/values.yaml	16	LEGACY-DORMANT	interface	DEFERRED: preserved blocked component or historical/hardware helper; not used by ready registry dashboard path
helm/open5gs/Chart.lock	3,6	LEGACY-DORMANT	endpoint	DEFERRED: preserved blocked component or historical/hardware helper; not used by ready registry dashboard path
helm/open5gs/Chart.yaml	7,13,101-102,113	LEGACY-DORMANT	endpoint	DEFERRED: preserved blocked component or historical/hardware helper; not used by ready registry dashboard path
helm/open5gs/README.md	3,7,17,40-41,97	DOCUMENTATION	endpoint	RETAINED: canonical default, test fixture or historical documentation
helm/open5gs/charts/common/Chart.yaml	7-8,17,20-21	LEGACY-DORMANT	endpoint	DEFERRED: preserved blocked component or historical/hardware helper; not used by ready registry dashboard path
helm/open5gs/charts/common/README.md	250,268,285	DOCUMENTATION	credential-setting	RETAINED: canonical default, test fixture or historical documentation
helm/open5gs/charts/common/README.md	3,11,29,31,86,316,320-321,328,332-334,344	DOCUMENTATION	endpoint	RETAINED: canonical default, test fixture or historical documentation
helm/open5gs/charts/common/README.md	22,103-105,263,265,305,309	DOCUMENTATION	resource/profile	RETAINED: canonical default, test fixture or historical documentation
helm/open5gs/charts/common/templates/_affinities.tpl	66,88	LEGACY-DORMANT	resource/profile	DEFERRED: preserved blocked component or historical/hardware helper; not used by ready registry dashboard path
helm/open5gs/charts/common/templates/_errors.tpl	19	LEGACY-DORMANT	endpoint	DEFERRED: preserved blocked component or historical/hardware helper; not used by ready registry dashboard path
helm/open5gs/charts/common/templates/_ingress.tpl	60	LEGACY-DORMANT	endpoint	DEFERRED: preserved blocked component or historical/hardware helper; not used by ready registry dashboard path
helm/open5gs/charts/common/templates/_names.tpl	21,39,41,55,57,66,68-69	LEGACY-DORMANT	resource/profile	DEFERRED: preserved blocked component or historical/hardware helper; not used by ready registry dashboard path
helm/open5gs/charts/common/templates/_secrets.tpl	76,87,96,101,108,115-117,119	LEGACY-DORMANT	credential-setting	DEFERRED: preserved blocked component or historical/hardware helper; not used by ready registry dashboard path
helm/open5gs/charts/common/templates/_secrets.tpl	11,44	LEGACY-DORMANT	endpoint	DEFERRED: preserved blocked component or historical/hardware helper; not used by ready registry dashboard path
helm/open5gs/charts/common/templates/_secrets.tpl	16	LEGACY-DORMANT	resource/profile	DEFERRED: preserved blocked component or historical/hardware helper; not used by ready registry dashboard path
helm/open5gs/charts/common/templates/_utils.tpl	9	LEGACY-DORMANT	resource/profile	DEFERRED: preserved blocked component or historical/hardware helper; not used by ready registry dashboard path
helm/open5gs/charts/common/templates/_warnings.tpl	11	LEGACY-DORMANT	endpoint	DEFERRED: preserved blocked component or historical/hardware helper; not used by ready registry dashboard path
helm/open5gs/charts/common/templates/validations/_cassandra.tpl	15,20	LEGACY-DORMANT	credential-setting	DEFERRED: preserved blocked component or historical/hardware helper; not used by ready registry dashboard path
helm/open5gs/charts/common/templates/validations/_mariadb.tpl	16,18-19,24,29,34	LEGACY-DORMANT	credential-setting	DEFERRED: preserved blocked component or historical/hardware helper; not used by ready registry dashboard path
helm/open5gs/charts/common/templates/validations/_mongodb.tpl	16,19,28,34	LEGACY-DORMANT	credential-setting	DEFERRED: preserved blocked component or historical/hardware helper; not used by ready registry dashboard path
helm/open5gs/charts/common/templates/validations/_mysql.tpl	16,18-19,24,29,34	LEGACY-DORMANT	credential-setting	DEFERRED: preserved blocked component or historical/hardware helper; not used by ready registry dashboard path
helm/open5gs/charts/common/templates/validations/_postgresql.tpl	14,18,23	LEGACY-DORMANT	credential-setting	DEFERRED: preserved blocked component or historical/hardware helper; not used by ready registry dashboard path
helm/open5gs/charts/common/templates/validations/_redis.tpl	20,28	LEGACY-DORMANT	credential-setting	DEFERRED: preserved blocked component or historical/hardware helper; not used by ready registry dashboard path
helm/open5gs/charts/mongodb/Chart.lock	3	LEGACY-DORMANT	endpoint	DEFERRED: preserved blocked component or historical/hardware helper; not used by ready registry dashboard path
helm/open5gs/charts/mongodb/Chart.yaml	7,14-15,25,28-29	LEGACY-DORMANT	endpoint	DEFERRED: preserved blocked component or historical/hardware helper; not used by ready registry dashboard path
helm/open5gs/charts/mongodb/README.md	555,650	DOCUMENTATION	credential-setting	RETAINED: canonical default, test fixture or historical documentation
helm/open5gs/charts/mongodb/README.md	7,14,20,22,61,573,581,595,613,617,619,621,627,633,637,639,643,676,680,682,688-689,695,723,738,776	DOCUMENTATION	endpoint	RETAINED: canonical default, test fixture or historical documentation
helm/open5gs/charts/mongodb/README.md	72,79-81,231,536,547,663,746,758	DOCUMENTATION	resource/profile	RETAINED: canonical default, test fixture or historical documentation
helm/open5gs/charts/mongodb/charts/common/Chart.yaml	7-8,17,20-21	LEGACY-DORMANT	endpoint	DEFERRED: preserved blocked component or historical/hardware helper; not used by ready registry dashboard path
helm/open5gs/charts/mongodb/charts/common/README.md	250,268,285	DOCUMENTATION	credential-setting	RETAINED: canonical default, test fixture or historical documentation
helm/open5gs/charts/mongodb/charts/common/README.md	3,11,29,31,86,316,320-321,328,332-334,344	DOCUMENTATION	endpoint	RETAINED: canonical default, test fixture or historical documentation
helm/open5gs/charts/mongodb/charts/common/README.md	22,103-105,263,265,305,309	DOCUMENTATION	resource/profile	RETAINED: canonical default, test fixture or historical documentation
helm/open5gs/charts/mongodb/charts/common/templates/_affinities.tpl	66,88	LEGACY-DORMANT	resource/profile	DEFERRED: preserved blocked component or historical/hardware helper; not used by ready registry dashboard path
helm/open5gs/charts/mongodb/charts/common/templates/_errors.tpl	19	LEGACY-DORMANT	endpoint	DEFERRED: preserved blocked component or historical/hardware helper; not used by ready registry dashboard path
helm/open5gs/charts/mongodb/charts/common/templates/_ingress.tpl	60	LEGACY-DORMANT	endpoint	DEFERRED: preserved blocked component or historical/hardware helper; not used by ready registry dashboard path
helm/open5gs/charts/mongodb/charts/common/templates/_names.tpl	21,39,41,55,57,66,68-69	LEGACY-DORMANT	resource/profile	DEFERRED: preserved blocked component or historical/hardware helper; not used by ready registry dashboard path
helm/open5gs/charts/mongodb/charts/common/templates/_secrets.tpl	76,87,96,101,108,115-117,119	LEGACY-DORMANT	credential-setting	DEFERRED: preserved blocked component or historical/hardware helper; not used by ready registry dashboard path
helm/open5gs/charts/mongodb/charts/common/templates/_secrets.tpl	11,44	LEGACY-DORMANT	endpoint	DEFERRED: preserved blocked component or historical/hardware helper; not used by ready registry dashboard path
helm/open5gs/charts/mongodb/charts/common/templates/_secrets.tpl	16	LEGACY-DORMANT	resource/profile	DEFERRED: preserved blocked component or historical/hardware helper; not used by ready registry dashboard path
helm/open5gs/charts/mongodb/charts/common/templates/_utils.tpl	9	LEGACY-DORMANT	resource/profile	DEFERRED: preserved blocked component or historical/hardware helper; not used by ready registry dashboard path
helm/open5gs/charts/mongodb/charts/common/templates/_warnings.tpl	11	LEGACY-DORMANT	endpoint	DEFERRED: preserved blocked component or historical/hardware helper; not used by ready registry dashboard path
helm/open5gs/charts/mongodb/charts/common/templates/validations/_cassandra.tpl	15,20	LEGACY-DORMANT	credential-setting	DEFERRED: preserved blocked component or historical/hardware helper; not used by ready registry dashboard path
helm/open5gs/charts/mongodb/charts/common/templates/validations/_mariadb.tpl	16,18-19,24,29,34	LEGACY-DORMANT	credential-setting	DEFERRED: preserved blocked component or historical/hardware helper; not used by ready registry dashboard path
helm/open5gs/charts/mongodb/charts/common/templates/validations/_mongodb.tpl	16,19,28,34	LEGACY-DORMANT	credential-setting	DEFERRED: preserved blocked component or historical/hardware helper; not used by ready registry dashboard path
helm/open5gs/charts/mongodb/charts/common/templates/validations/_mysql.tpl	16,18-19,24,29,34	LEGACY-DORMANT	credential-setting	DEFERRED: preserved blocked component or historical/hardware helper; not used by ready registry dashboard path
helm/open5gs/charts/mongodb/charts/common/templates/validations/_postgresql.tpl	14,18,23	LEGACY-DORMANT	credential-setting	DEFERRED: preserved blocked component or historical/hardware helper; not used by ready registry dashboard path
helm/open5gs/charts/mongodb/charts/common/templates/validations/_redis.tpl	20,28	LEGACY-DORMANT	credential-setting	DEFERRED: preserved blocked component or historical/hardware helper; not used by ready registry dashboard path
helm/open5gs/charts/mongodb/templates/NOTES.txt	180	LEGACY-DORMANT	network-address	DEFERRED: preserved blocked component or historical/hardware helper; not used by ready registry dashboard path
helm/open5gs/charts/mongodb/templates/NOTES.txt	191	LEGACY-DORMANT	network-address,endpoint	DEFERRED: preserved blocked component or historical/hardware helper; not used by ready registry dashboard path
helm/open5gs/charts/mongodb/templates/NOTES.txt	13,17,27-28,33,48,53,58,89,122,144,149,153,165-166,172,174,179,190	LEGACY-DORMANT	resource/profile	DEFERRED: preserved blocked component or historical/hardware helper; not used by ready registry dashboard path
helm/open5gs/charts/mongodb/templates/NOTES.txt	97,108,115	LEGACY-DORMANT	resource/profile,credential-setting	DEFERRED: preserved blocked component or historical/hardware helper; not used by ready registry dashboard path
helm/open5gs/charts/mongodb/templates/_helpers.tpl	14-15,25,36,83,85,92-94,96,99-101,103,109,114,169,190,211,232,262,430	LEGACY-DORMANT	resource/profile	DEFERRED: preserved blocked component or historical/hardware helper; not used by ready registry dashboard path
helm/open5gs/charts/mongodb/templates/arbiter/configmap.yaml	5-6	LEGACY-DORMANT	resource/profile	DEFERRED: preserved blocked component or historical/hardware helper; not used by ready registry dashboard path
helm/open5gs/charts/mongodb/templates/arbiter/headless-svc.yaml	6,23	LEGACY-DORMANT	resource/profile	DEFERRED: preserved blocked component or historical/hardware helper; not used by ready registry dashboard path
helm/open5gs/charts/mongodb/templates/arbiter/pdb.yaml	5-6	LEGACY-DORMANT	resource/profile	DEFERRED: preserved blocked component or historical/hardware helper; not used by ready registry dashboard path
helm/open5gs/charts/mongodb/templates/arbiter/statefulset.yaml	5-6,99,146,152,252	LEGACY-DORMANT	resource/profile	DEFERRED: preserved blocked component or historical/hardware helper; not used by ready registry dashboard path
helm/open5gs/charts/mongodb/templates/common-scripts-cm.yaml	75	LEGACY-DORMANT	network-address	DEFERRED: preserved blocked component or historical/hardware helper; not used by ready registry dashboard path
helm/open5gs/charts/mongodb/templates/common-scripts-cm.yaml	4-5	LEGACY-DORMANT	resource/profile	DEFERRED: preserved blocked component or historical/hardware helper; not used by ready registry dashboard path
helm/open5gs/charts/mongodb/templates/configmap.yaml	5-6	LEGACY-DORMANT	resource/profile	DEFERRED: preserved blocked component or historical/hardware helper; not used by ready registry dashboard path
helm/open5gs/charts/mongodb/templates/hidden/configmap.yaml	5-6	LEGACY-DORMANT	resource/profile	DEFERRED: preserved blocked component or historical/hardware helper; not used by ready registry dashboard path
helm/open5gs/charts/mongodb/templates/hidden/external-access-svc.yaml	2,13,53-54,56	LEGACY-DORMANT	resource/profile	DEFERRED: preserved blocked component or historical/hardware helper; not used by ready registry dashboard path
helm/open5gs/charts/mongodb/templates/hidden/headless-svc.yaml	5-6,23	LEGACY-DORMANT	resource/profile	DEFERRED: preserved blocked component or historical/hardware helper; not used by ready registry dashboard path
helm/open5gs/charts/mongodb/templates/hidden/pdb.yaml	5-6	LEGACY-DORMANT	resource/profile	DEFERRED: preserved blocked component or historical/hardware helper; not used by ready registry dashboard path
helm/open5gs/charts/mongodb/templates/hidden/statefulset.yaml	8-9,22,122,137,213,217,221,461,479	LEGACY-DORMANT	resource/profile	DEFERRED: preserved blocked component or historical/hardware helper; not used by ready registry dashboard path
helm/open5gs/charts/mongodb/templates/initialization-configmap.yaml	5-6	LEGACY-DORMANT	resource/profile	DEFERRED: preserved blocked component or historical/hardware helper; not used by ready registry dashboard path
helm/open5gs/charts/mongodb/templates/metrics-svc.yaml	5-6	LEGACY-DORMANT	resource/profile	DEFERRED: preserved blocked component or historical/hardware helper; not used by ready registry dashboard path
helm/open5gs/charts/mongodb/templates/prometheusrule.yaml	5-6,16	LEGACY-DORMANT	resource/profile	DEFERRED: preserved blocked component or historical/hardware helper; not used by ready registry dashboard path
helm/open5gs/charts/mongodb/templates/psp.yaml	6-7	LEGACY-DORMANT	resource/profile	DEFERRED: preserved blocked component or historical/hardware helper; not used by ready registry dashboard path
helm/open5gs/charts/mongodb/templates/replicaset/external-access-svc.yaml	2,13,53-54,56	LEGACY-DORMANT	resource/profile	DEFERRED: preserved blocked component or historical/hardware helper; not used by ready registry dashboard path
helm/open5gs/charts/mongodb/templates/replicaset/headless-svc.yaml	6,23	LEGACY-DORMANT	resource/profile	DEFERRED: preserved blocked component or historical/hardware helper; not used by ready registry dashboard path
helm/open5gs/charts/mongodb/templates/replicaset/pdb.yaml	5-6	LEGACY-DORMANT	resource/profile	DEFERRED: preserved blocked component or historical/hardware helper; not used by ready registry dashboard path
helm/open5gs/charts/mongodb/templates/replicaset/scripts-configmap.yaml	144-145,192,194,218,220	LEGACY-DORMANT	credential-setting	DEFERRED: preserved blocked component or historical/hardware helper; not used by ready registry dashboard path
helm/open5gs/charts/mongodb/templates/replicaset/scripts-configmap.yaml	5-6,16-17,39,41-42,51,53,73,77,109-110,115,133,166,170	LEGACY-DORMANT	resource/profile	DEFERRED: preserved blocked component or historical/hardware helper; not used by ready registry dashboard path
helm/open5gs/charts/mongodb/templates/replicaset/statefulset.yaml	8-9,128,215,223,468,486	LEGACY-DORMANT	resource/profile	DEFERRED: preserved blocked component or historical/hardware helper; not used by ready registry dashboard path
helm/open5gs/charts/mongodb/templates/replicaset/svc.yaml	3,14	LEGACY-DORMANT	resource/profile	DEFERRED: preserved blocked component or historical/hardware helper; not used by ready registry dashboard path
helm/open5gs/charts/mongodb/templates/role.yaml	5-6,28	LEGACY-DORMANT	resource/profile	DEFERRED: preserved blocked component or historical/hardware helper; not used by ready registry dashboard path
helm/open5gs/charts/mongodb/templates/rolebinding.yaml	5-6,13,18	LEGACY-DORMANT	resource/profile	DEFERRED: preserved blocked component or historical/hardware helper; not used by ready registry dashboard path
helm/open5gs/charts/mongodb/templates/secrets-ca.yaml	2,5,10	LEGACY-DORMANT	resource/profile	DEFERRED: preserved blocked component or historical/hardware helper; not used by ready registry dashboard path
helm/open5gs/charts/mongodb/templates/secrets.yaml	5-6,33,39	LEGACY-DORMANT	resource/profile	DEFERRED: preserved blocked component or historical/hardware helper; not used by ready registry dashboard path
helm/open5gs/charts/mongodb/templates/secrets.yaml	17,36	LEGACY-DORMANT	resource/profile,credential-setting	DEFERRED: preserved blocked component or historical/hardware helper; not used by ready registry dashboard path
helm/open5gs/charts/mongodb/templates/serviceaccount.yaml	6,21	LEGACY-DORMANT	resource/profile	DEFERRED: preserved blocked component or historical/hardware helper; not used by ready registry dashboard path
helm/open5gs/charts/mongodb/templates/servicemonitor.yaml	5-6,47	LEGACY-DORMANT	resource/profile	DEFERRED: preserved blocked component or historical/hardware helper; not used by ready registry dashboard path
helm/open5gs/charts/mongodb/templates/standalone/dep-sts.yaml	5-6,27,134,409,453	LEGACY-DORMANT	resource/profile	DEFERRED: preserved blocked component or historical/hardware helper; not used by ready registry dashboard path
helm/open5gs/charts/mongodb/templates/standalone/pvc.yaml	5-6	LEGACY-DORMANT	resource/profile	DEFERRED: preserved blocked component or historical/hardware helper; not used by ready registry dashboard path
helm/open5gs/charts/mongodb/templates/standalone/svc.yaml	5-6,23-24,49,51	LEGACY-DORMANT	resource/profile	DEFERRED: preserved blocked component or historical/hardware helper; not used by ready registry dashboard path
helm/open5gs/charts/mongodb/values.schema.json	2	LEGACY-DORMANT	endpoint	DEFERRED: preserved blocked component or historical/hardware helper; not used by ready registry dashboard path
helm/open5gs/charts/mongodb/values.yaml	97,110,115,126,139,146,150,203,220,242,255,259,263,270,274,278,322,391-392,407,411,415,434,439,443,447,457,461,465,469,473,489,499,524,540,557,637,670,680,684,688,698,703,727,740,744,751,794,801,825,862,869,893,907,955,960,971,989,1014,1028,1087,1091,1098,1137,1141,1145,1184,1194,1208,1212,1216,1220,1239,1244,1248,1252,1256,1260,1264,1268,1284,1294,1320,1336,1352,1416,1450,1454,1458,1497,1511,1524,1528,1532,1536,1556,1561,1565,1569,1573,1577,1581,1585,1601,1611,1636,1652,1669,1733,1746,1784,1789,1818,1832,1846,1856,1884,1901,1917,1934,1962-1963,1987,1991,2001,2014-2015	DOCUMENTATION	endpoint	RETAINED: canonical default, test fixture or historical documentation
helm/open5gs/charts/mongodb/values.yaml	797,865	DOCUMENTATION	network-address	RETAINED: canonical default, test fixture or historical documentation
helm/open5gs/charts/mongodb/values.yaml	10,25,28,31,49,61,114,202,617,674,676,743,978,1090,1831,1969,2010	DOCUMENTATION	resource/profile	RETAINED: canonical default, test fixture or historical documentation
helm/open5gs/charts/mongodb/values.yaml	148,162,1844	LEGACY-DORMANT	credential-setting	DEFERRED: preserved blocked component or historical/hardware helper; not used by ready registry dashboard path
helm/open5gs/charts/mongodb/values.yaml	678,1971,2012	LEGACY-DORMANT	resource/profile	DEFERRED: preserved blocked component or historical/hardware helper; not used by ready registry dashboard path
helm/open5gs/charts/open5gs-amf/Chart.yaml	7,12-13,23	LEGACY-DORMANT	endpoint	DEFERRED: preserved blocked component or historical/hardware helper; not used by ready registry dashboard path
helm/open5gs/charts/open5gs-amf/README.md	3,7,17,23,182	DOCUMENTATION	endpoint	RETAINED: canonical default, test fixture or historical documentation
helm/open5gs/charts/open5gs-amf/README.md	101,106,136,147,158	DOCUMENTATION	resource/profile	RETAINED: canonical default, test fixture or historical documentation
helm/open5gs/charts/open5gs-amf/resources/config/amf.yaml	117,138	DOCUMENTATION	endpoint	RETAINED: canonical default, test fixture or historical documentation
helm/open5gs/charts/open5gs-amf/resources/config/amf.yaml	71	DOCUMENTATION	network-address	RETAINED: canonical default, test fixture or historical documentation
helm/open5gs/charts/open5gs-amf/resources/config/amf.yaml	81,87,93,95	DOCUMENTATION	network-address,endpoint	RETAINED: canonical default, test fixture or historical documentation
helm/open5gs/charts/open5gs-amf/resources/config/amf.yaml	19,23	LEGACY-DORMANT	endpoint	DEFERRED: preserved blocked component or historical/hardware helper; not used by ready registry dashboard path
helm/open5gs/charts/open5gs-amf/resources/config/amf.yaml	51	LEGACY-DORMANT	resource/profile	DEFERRED: preserved blocked component or historical/hardware helper; not used by ready registry dashboard path
helm/open5gs/charts/open5gs-amf/templates/_helpers.tpl	20	LEGACY-DORMANT	resource/profile	DEFERRED: preserved blocked component or historical/hardware helper; not used by ready registry dashboard path
helm/open5gs/charts/open5gs-amf/templates/configmap.yaml	4	LEGACY-DORMANT	resource/profile	DEFERRED: preserved blocked component or historical/hardware helper; not used by ready registry dashboard path
helm/open5gs/charts/open5gs-amf/templates/deployment.yaml	4-5,71,165	LEGACY-DORMANT	resource/profile	DEFERRED: preserved blocked component or historical/hardware helper; not used by ready registry dashboard path
helm/open5gs/charts/open5gs-amf/templates/hpa.yaml	4,10	LEGACY-DORMANT	resource/profile	DEFERRED: preserved blocked component or historical/hardware helper; not used by ready registry dashboard path
helm/open5gs/charts/open5gs-amf/templates/service-metrics.yaml	5-6,29-30,46,48	LEGACY-DORMANT	resource/profile	DEFERRED: preserved blocked component or historical/hardware helper; not used by ready registry dashboard path
helm/open5gs/charts/open5gs-amf/templates/service-ngap.yaml	4-5,27-28,45,47	LEGACY-DORMANT	resource/profile	DEFERRED: preserved blocked component or historical/hardware helper; not used by ready registry dashboard path
helm/open5gs/charts/open5gs-amf/templates/service-sbi.yaml	4-5,27-28,45,47	LEGACY-DORMANT	resource/profile	DEFERRED: preserved blocked component or historical/hardware helper; not used by ready registry dashboard path
helm/open5gs/charts/open5gs-amf/templates/serviceaccount.yaml	6	LEGACY-DORMANT	resource/profile	DEFERRED: preserved blocked component or historical/hardware helper; not used by ready registry dashboard path
helm/open5gs/charts/open5gs-amf/templates/servicemonitor.yaml	5-6	LEGACY-DORMANT	resource/profile	DEFERRED: preserved blocked component or historical/hardware helper; not used by ready registry dashboard path
helm/open5gs/charts/open5gs-amf/templates/vmservicescrape.yaml	5-6	LEGACY-DORMANT	resource/profile	DEFERRED: preserved blocked component or historical/hardware helper; not used by ready registry dashboard path
helm/open5gs/charts/open5gs-amf/values.schema.json	2	LEGACY-DORMANT	endpoint	DEFERRED: preserved blocked component or historical/hardware helper; not used by ready registry dashboard path
helm/open5gs/charts/open5gs-amf/values.schema.json	317,337,467,515,563	LEGACY-DORMANT	resource/profile	DEFERRED: preserved blocked component or historical/hardware helper; not used by ready registry dashboard path
helm/open5gs/charts/open5gs-amf/values.yaml	47,63,68,133,137,142,170,193,198,202,206,224,229,233,241,249,259,276,292,320,324,348,357,373,397,406,422,446,455,474,487-488,516-517	DOCUMENTATION	endpoint	RETAINED: canonical default, test fixture or historical documentation
helm/open5gs/charts/open5gs-amf/values.yaml	344,393,442	DOCUMENTATION	network-address	RETAINED: canonical default, test fixture or historical documentation
helm/open5gs/charts/open5gs-amf/values.yaml	24,27,30,67,177,360,362,409,411,458,460,494,523	DOCUMENTATION	resource/profile	RETAINED: canonical default, test fixture or historical documentation
helm/open5gs/charts/open5gs-amf/values.yaml	86,89,364,413,462,496,525	LEGACY-DORMANT	resource/profile	DEFERRED: preserved blocked component or historical/hardware helper; not used by ready registry dashboard path
helm/open5gs/charts/open5gs-ausf/Chart.yaml	7,12-13,22	LEGACY-DORMANT	endpoint	DEFERRED: preserved blocked component or historical/hardware helper; not used by ready registry dashboard path
helm/open5gs/charts/open5gs-ausf/README.md	3,7,17,23,130	DOCUMENTATION	endpoint	RETAINED: canonical default, test fixture or historical documentation
helm/open5gs/charts/open5gs-ausf/README.md	107	DOCUMENTATION	resource/profile	RETAINED: canonical default, test fixture or historical documentation
helm/open5gs/charts/open5gs-ausf/resources/config/ausf.yaml	86,107	DOCUMENTATION	endpoint	RETAINED: canonical default, test fixture or historical documentation
helm/open5gs/charts/open5gs-ausf/resources/config/ausf.yaml	40	DOCUMENTATION	network-address	RETAINED: canonical default, test fixture or historical documentation
helm/open5gs/charts/open5gs-ausf/resources/config/ausf.yaml	50,56,62,64	DOCUMENTATION	network-address,endpoint	RETAINED: canonical default, test fixture or historical documentation
helm/open5gs/charts/open5gs-ausf/resources/config/ausf.yaml	20,24	LEGACY-DORMANT	endpoint	DEFERRED: preserved blocked component or historical/hardware helper; not used by ready registry dashboard path
helm/open5gs/charts/open5gs-ausf/templates/_helpers.tpl	20	LEGACY-DORMANT	resource/profile	DEFERRED: preserved blocked component or historical/hardware helper; not used by ready registry dashboard path
helm/open5gs/charts/open5gs-ausf/templates/configmap.yaml	4	LEGACY-DORMANT	resource/profile	DEFERRED: preserved blocked component or historical/hardware helper; not used by ready registry dashboard path
helm/open5gs/charts/open5gs-ausf/templates/deployment.yaml	4-5,71,160	LEGACY-DORMANT	resource/profile	DEFERRED: preserved blocked component or historical/hardware helper; not used by ready registry dashboard path
helm/open5gs/charts/open5gs-ausf/templates/hpa.yaml	4,10	LEGACY-DORMANT	resource/profile	DEFERRED: preserved blocked component or historical/hardware helper; not used by ready registry dashboard path
helm/open5gs/charts/open5gs-ausf/templates/service-sbi.yaml	4-5,27-28,45,47	LEGACY-DORMANT	resource/profile	DEFERRED: preserved blocked component or historical/hardware helper; not used by ready registry dashboard path
helm/open5gs/charts/open5gs-ausf/templates/serviceaccount.yaml	6	LEGACY-DORMANT	resource/profile	DEFERRED: preserved blocked component or historical/hardware helper; not used by ready registry dashboard path
helm/open5gs/charts/open5gs-ausf/values.schema.json	2	LEGACY-DORMANT	endpoint	DEFERRED: preserved blocked component or historical/hardware helper; not used by ready registry dashboard path
helm/open5gs/charts/open5gs-ausf/values.schema.json	311	LEGACY-DORMANT	resource/profile	DEFERRED: preserved blocked component or historical/hardware helper; not used by ready registry dashboard path
helm/open5gs/charts/open5gs-ausf/values.yaml	47,63,68,112,116,121,149,170,175,179,183,201,206,210,218,226,236,252,268,296,300,324,333,349	DOCUMENTATION	endpoint	RETAINED: canonical default, test fixture or historical documentation
helm/open5gs/charts/open5gs-ausf/values.yaml	320	DOCUMENTATION	network-address	RETAINED: canonical default, test fixture or historical documentation
helm/open5gs/charts/open5gs-ausf/values.yaml	24,27,30,67,156,336,338	DOCUMENTATION	resource/profile	RETAINED: canonical default, test fixture or historical documentation
helm/open5gs/charts/open5gs-ausf/values.yaml	86,89,340	LEGACY-DORMANT	resource/profile	DEFERRED: preserved blocked component or historical/hardware helper; not used by ready registry dashboard path
helm/open5gs/charts/open5gs-bsf/Chart.yaml	7,12-13,22	LEGACY-DORMANT	endpoint	DEFERRED: preserved blocked component or historical/hardware helper; not used by ready registry dashboard path
helm/open5gs/charts/open5gs-bsf/README.md	3,7,17,23,130	DOCUMENTATION	endpoint	RETAINED: canonical default, test fixture or historical documentation
helm/open5gs/charts/open5gs-bsf/README.md	107	DOCUMENTATION	resource/profile	RETAINED: canonical default, test fixture or historical documentation
helm/open5gs/charts/open5gs-bsf/resources/config/bsf.yaml	86,107	DOCUMENTATION	endpoint	RETAINED: canonical default, test fixture or historical documentation
helm/open5gs/charts/open5gs-bsf/resources/config/bsf.yaml	40	DOCUMENTATION	network-address	RETAINED: canonical default, test fixture or historical documentation
helm/open5gs/charts/open5gs-bsf/resources/config/bsf.yaml	50,56,62,64	DOCUMENTATION	network-address,endpoint	RETAINED: canonical default, test fixture or historical documentation
helm/open5gs/charts/open5gs-bsf/resources/config/bsf.yaml	20,24	LEGACY-DORMANT	endpoint	DEFERRED: preserved blocked component or historical/hardware helper; not used by ready registry dashboard path
helm/open5gs/charts/open5gs-bsf/templates/_helpers.tpl	20	LEGACY-DORMANT	resource/profile	DEFERRED: preserved blocked component or historical/hardware helper; not used by ready registry dashboard path
helm/open5gs/charts/open5gs-bsf/templates/configmap.yaml	4	LEGACY-DORMANT	resource/profile	DEFERRED: preserved blocked component or historical/hardware helper; not used by ready registry dashboard path
helm/open5gs/charts/open5gs-bsf/templates/deployment.yaml	4-5,71,160	LEGACY-DORMANT	resource/profile	DEFERRED: preserved blocked component or historical/hardware helper; not used by ready registry dashboard path
helm/open5gs/charts/open5gs-bsf/templates/hpa.yaml	4,10	LEGACY-DORMANT	resource/profile	DEFERRED: preserved blocked component or historical/hardware helper; not used by ready registry dashboard path
helm/open5gs/charts/open5gs-bsf/templates/service-sbi.yaml	4-5,27-28,45,47	LEGACY-DORMANT	resource/profile	DEFERRED: preserved blocked component or historical/hardware helper; not used by ready registry dashboard path
helm/open5gs/charts/open5gs-bsf/templates/serviceaccount.yaml	6	LEGACY-DORMANT	resource/profile	DEFERRED: preserved blocked component or historical/hardware helper; not used by ready registry dashboard path
helm/open5gs/charts/open5gs-bsf/values.schema.json	2	LEGACY-DORMANT	endpoint	DEFERRED: preserved blocked component or historical/hardware helper; not used by ready registry dashboard path
helm/open5gs/charts/open5gs-bsf/values.schema.json	308	LEGACY-DORMANT	resource/profile	DEFERRED: preserved blocked component or historical/hardware helper; not used by ready registry dashboard path
helm/open5gs/charts/open5gs-bsf/values.yaml	47,63,68,112,116,121,149,170,175,179,183,201,206,210,218,226,236,252,268,296,300,324,333,349	DOCUMENTATION	endpoint	RETAINED: canonical default, test fixture or historical documentation
helm/open5gs/charts/open5gs-bsf/values.yaml	320	DOCUMENTATION	network-address	RETAINED: canonical default, test fixture or historical documentation
helm/open5gs/charts/open5gs-bsf/values.yaml	24,27,30,67,156,336,338	DOCUMENTATION	resource/profile	RETAINED: canonical default, test fixture or historical documentation
helm/open5gs/charts/open5gs-bsf/values.yaml	86,89,340	LEGACY-DORMANT	resource/profile	DEFERRED: preserved blocked component or historical/hardware helper; not used by ready registry dashboard path
helm/open5gs/charts/open5gs-hss/Chart.yaml	7,13,16-17,28	LEGACY-DORMANT	endpoint	DEFERRED: preserved blocked component or historical/hardware helper; not used by ready registry dashboard path
helm/open5gs/charts/open5gs-hss/README.md	3,7,17,23-24,109	DOCUMENTATION	endpoint	RETAINED: canonical default, test fixture or historical documentation
helm/open5gs/charts/open5gs-hss/README.md	92	DOCUMENTATION	resource/profile	RETAINED: canonical default, test fixture or historical documentation
helm/open5gs/charts/open5gs-hss/resources/config/diameter-hss.conf	101,132	DOCUMENTATION	endpoint	RETAINED: canonical default, test fixture or historical documentation
helm/open5gs/charts/open5gs-hss/resources/config/diameter-hss.conf	80,83,257	DOCUMENTATION	network-address	RETAINED: canonical default, test fixture or historical documentation
helm/open5gs/charts/open5gs-hss/templates/_helpers.tpl	20	LEGACY-DORMANT	resource/profile	DEFERRED: preserved blocked component or historical/hardware helper; not used by ready registry dashboard path
helm/open5gs/charts/open5gs-hss/templates/configmap-diameter.yaml	4	LEGACY-DORMANT	resource/profile	DEFERRED: preserved blocked component or historical/hardware helper; not used by ready registry dashboard path
helm/open5gs/charts/open5gs-hss/templates/configmap.yaml	4	LEGACY-DORMANT	resource/profile	DEFERRED: preserved blocked component or historical/hardware helper; not used by ready registry dashboard path
helm/open5gs/charts/open5gs-hss/templates/deployment.yaml	4-5,71,91,140,143	LEGACY-DORMANT	resource/profile	DEFERRED: preserved blocked component or historical/hardware helper; not used by ready registry dashboard path
helm/open5gs/charts/open5gs-hss/templates/hpa.yaml	4,10	LEGACY-DORMANT	resource/profile	DEFERRED: preserved blocked component or historical/hardware helper; not used by ready registry dashboard path
helm/open5gs/charts/open5gs-hss/templates/service-frdi.yaml	4-5,27-28,45,47	LEGACY-DORMANT	resource/profile	DEFERRED: preserved blocked component or historical/hardware helper; not used by ready registry dashboard path
helm/open5gs/charts/open5gs-hss/templates/serviceaccount.yaml	6	LEGACY-DORMANT	resource/profile	DEFERRED: preserved blocked component or historical/hardware helper; not used by ready registry dashboard path
helm/open5gs/charts/open5gs-hss/values.schema.json	2	LEGACY-DORMANT	endpoint	DEFERRED: preserved blocked component or historical/hardware helper; not used by ready registry dashboard path
helm/open5gs/charts/open5gs-hss/values.schema.json	262	LEGACY-DORMANT	resource/profile	DEFERRED: preserved blocked component or historical/hardware helper; not used by ready registry dashboard path
helm/open5gs/charts/open5gs-hss/values.yaml	47,63,68,107,111,116,144,165,170,174,178,196,201,205,213,221,244,248,272,281,297	DOCUMENTATION	endpoint	RETAINED: canonical default, test fixture or historical documentation
helm/open5gs/charts/open5gs-hss/values.yaml	268	DOCUMENTATION	network-address	RETAINED: canonical default, test fixture or historical documentation
helm/open5gs/charts/open5gs-hss/values.yaml	24,27,30,67,151,284,286	DOCUMENTATION	resource/profile	RETAINED: canonical default, test fixture or historical documentation
helm/open5gs/charts/open5gs-hss/values.yaml	82,288,307	LEGACY-DORMANT	resource/profile	DEFERRED: preserved blocked component or historical/hardware helper; not used by ready registry dashboard path
helm/open5gs/charts/open5gs-mme/Chart.yaml	7,12-13,23	LEGACY-DORMANT	endpoint	DEFERRED: preserved blocked component or historical/hardware helper; not used by ready registry dashboard path
helm/open5gs/charts/open5gs-mme/README.md	3,7,17,23,143	DOCUMENTATION	endpoint	RETAINED: canonical default, test fixture or historical documentation
helm/open5gs/charts/open5gs-mme/README.md	104,115,126	DOCUMENTATION	resource/profile	RETAINED: canonical default, test fixture or historical documentation
helm/open5gs/charts/open5gs-mme/resources/config/diameter-mme.conf	101,132	DOCUMENTATION	endpoint	RETAINED: canonical default, test fixture or historical documentation
helm/open5gs/charts/open5gs-mme/resources/config/diameter-mme.conf	80,83,257	DOCUMENTATION	network-address	RETAINED: canonical default, test fixture or historical documentation
helm/open5gs/charts/open5gs-mme/resources/config/mme.yaml	59,70,72,80,82,89,91,99,101,109,111,120,139,159	DOCUMENTATION	network-address	RETAINED: canonical default, test fixture or historical documentation
helm/open5gs/charts/open5gs-mme/resources/config/mme.yaml	36	LEGACY-DORMANT	resource/profile	DEFERRED: preserved blocked component or historical/hardware helper; not used by ready registry dashboard path
helm/open5gs/charts/open5gs-mme/templates/_helpers.tpl	20	LEGACY-DORMANT	resource/profile	DEFERRED: preserved blocked component or historical/hardware helper; not used by ready registry dashboard path
helm/open5gs/charts/open5gs-mme/templates/configmap-diameter.yaml	4	LEGACY-DORMANT	resource/profile	DEFERRED: preserved blocked component or historical/hardware helper; not used by ready registry dashboard path
helm/open5gs/charts/open5gs-mme/templates/configmap.yaml	4	LEGACY-DORMANT	resource/profile	DEFERRED: preserved blocked component or historical/hardware helper; not used by ready registry dashboard path
helm/open5gs/charts/open5gs-mme/templates/deployment.yaml	4-5,71,140,143	LEGACY-DORMANT	resource/profile	DEFERRED: preserved blocked component or historical/hardware helper; not used by ready registry dashboard path
helm/open5gs/charts/open5gs-mme/templates/hpa.yaml	4,10	LEGACY-DORMANT	resource/profile	DEFERRED: preserved blocked component or historical/hardware helper; not used by ready registry dashboard path
helm/open5gs/charts/open5gs-mme/templates/service-frdi.yaml	4-5,27-28,45,47	LEGACY-DORMANT	resource/profile	DEFERRED: preserved blocked component or historical/hardware helper; not used by ready registry dashboard path
helm/open5gs/charts/open5gs-mme/templates/service-gtpc.yaml	4-5,27-28,45,47	LEGACY-DORMANT	resource/profile	DEFERRED: preserved blocked component or historical/hardware helper; not used by ready registry dashboard path
helm/open5gs/charts/open5gs-mme/templates/service-s1ap.yaml	4-5,27-28,45,47	LEGACY-DORMANT	resource/profile	DEFERRED: preserved blocked component or historical/hardware helper; not used by ready registry dashboard path
helm/open5gs/charts/open5gs-mme/templates/serviceaccount.yaml	6	LEGACY-DORMANT	resource/profile	DEFERRED: preserved blocked component or historical/hardware helper; not used by ready registry dashboard path
helm/open5gs/charts/open5gs-mme/values.schema.json	2	LEGACY-DORMANT	endpoint	DEFERRED: preserved blocked component or historical/hardware helper; not used by ready registry dashboard path
helm/open5gs/charts/open5gs-mme/values.schema.json	337,385,433	LEGACY-DORMANT	resource/profile	DEFERRED: preserved blocked component or historical/hardware helper; not used by ready registry dashboard path
helm/open5gs/charts/open5gs-mme/values.yaml	47,63,68,127,131,136,164,187,192,196,200,218,223,227,235,243,266,270,294,303,319,343,352,368,392,401,417	DOCUMENTATION	endpoint	RETAINED: canonical default, test fixture or historical documentation
helm/open5gs/charts/open5gs-mme/values.yaml	290,339,388	DOCUMENTATION	network-address	RETAINED: canonical default, test fixture or historical documentation
helm/open5gs/charts/open5gs-mme/values.yaml	24,27,30,67,171,306,308,355,357,404,406	DOCUMENTATION	resource/profile	RETAINED: canonical default, test fixture or historical documentation
helm/open5gs/charts/open5gs-mme/values.yaml	103,310,359,408	LEGACY-DORMANT	resource/profile	DEFERRED: preserved blocked component or historical/hardware helper; not used by ready registry dashboard path
helm/open5gs/charts/open5gs-nrf/Chart.yaml	7,12-13,23	LEGACY-DORMANT	endpoint	DEFERRED: preserved blocked component or historical/hardware helper; not used by ready registry dashboard path
helm/open5gs/charts/open5gs-nrf/README.md	3,7,17,23,124	DOCUMENTATION	endpoint	RETAINED: canonical default, test fixture or historical documentation
helm/open5gs/charts/open5gs-nrf/README.md	101	DOCUMENTATION	resource/profile	RETAINED: canonical default, test fixture or historical documentation
helm/open5gs/charts/open5gs-nrf/resources/config/nrf.yaml	33	DOCUMENTATION	network-address	RETAINED: canonical default, test fixture or historical documentation
helm/open5gs/charts/open5gs-nrf/templates/_helpers.tpl	20	LEGACY-DORMANT	resource/profile	DEFERRED: preserved blocked component or historical/hardware helper; not used by ready registry dashboard path
helm/open5gs/charts/open5gs-nrf/templates/configmap.yaml	4	LEGACY-DORMANT	resource/profile	DEFERRED: preserved blocked component or historical/hardware helper; not used by ready registry dashboard path
helm/open5gs/charts/open5gs-nrf/templates/deployment.yaml	4-5,71,160	LEGACY-DORMANT	resource/profile	DEFERRED: preserved blocked component or historical/hardware helper; not used by ready registry dashboard path
helm/open5gs/charts/open5gs-nrf/templates/hpa.yaml	4,10	LEGACY-DORMANT	resource/profile	DEFERRED: preserved blocked component or historical/hardware helper; not used by ready registry dashboard path
helm/open5gs/charts/open5gs-nrf/templates/service-sbi.yaml	4-5,27-28,45,47	LEGACY-DORMANT	resource/profile	DEFERRED: preserved blocked component or historical/hardware helper; not used by ready registry dashboard path
helm/open5gs/charts/open5gs-nrf/templates/serviceaccount.yaml	6	LEGACY-DORMANT	resource/profile	DEFERRED: preserved blocked component or historical/hardware helper; not used by ready registry dashboard path
helm/open5gs/charts/open5gs-nrf/values.schema.json	2	LEGACY-DORMANT	endpoint	DEFERRED: preserved blocked component or historical/hardware helper; not used by ready registry dashboard path
helm/open5gs/charts/open5gs-nrf/values.schema.json	273	LEGACY-DORMANT	resource/profile	DEFERRED: preserved blocked component or historical/hardware helper; not used by ready registry dashboard path
helm/open5gs/charts/open5gs-nrf/values.yaml	47,63,68,108,112,117,145,166,171,175,179,197,202,206,214,222,232,248,264,292,296,320,329,345	DOCUMENTATION	endpoint	RETAINED: canonical default, test fixture or historical documentation
helm/open5gs/charts/open5gs-nrf/values.yaml	316	DOCUMENTATION	network-address	RETAINED: canonical default, test fixture or historical documentation
helm/open5gs/charts/open5gs-nrf/values.yaml	24,27,30,67,152,332,334	DOCUMENTATION	resource/profile	RETAINED: canonical default, test fixture or historical documentation
helm/open5gs/charts/open5gs-nrf/values.yaml	336	LEGACY-DORMANT	resource/profile	DEFERRED: preserved blocked component or historical/hardware helper; not used by ready registry dashboard path
helm/open5gs/charts/open5gs-nssf/Chart.yaml	7,12-13,22	LEGACY-DORMANT	endpoint	DEFERRED: preserved blocked component or historical/hardware helper; not used by ready registry dashboard path
helm/open5gs/charts/open5gs-nssf/README.md	3,7,17,23,135	DOCUMENTATION	endpoint	RETAINED: canonical default, test fixture or historical documentation
helm/open5gs/charts/open5gs-nssf/README.md	111	DOCUMENTATION	resource/profile	RETAINED: canonical default, test fixture or historical documentation
helm/open5gs/charts/open5gs-nssf/resources/config/nssf.yaml	54,64,116,118,141,143	DOCUMENTATION	endpoint	RETAINED: canonical default, test fixture or historical documentation
helm/open5gs/charts/open5gs-nssf/resources/config/nssf.yaml	47	DOCUMENTATION	network-address	RETAINED: canonical default, test fixture or historical documentation
helm/open5gs/charts/open5gs-nssf/resources/config/nssf.yaml	56,58,67,71,80,86,92,94	DOCUMENTATION	network-address,endpoint	RETAINED: canonical default, test fixture or historical documentation
helm/open5gs/charts/open5gs-nssf/resources/config/nssf.yaml	55,57,59	DOCUMENTATION	resource/profile	RETAINED: canonical default, test fixture or historical documentation
helm/open5gs/charts/open5gs-nssf/resources/config/nssf.yaml	19,23,27	LEGACY-DORMANT	endpoint	DEFERRED: preserved blocked component or historical/hardware helper; not used by ready registry dashboard path
helm/open5gs/charts/open5gs-nssf/templates/_helpers.tpl	20	LEGACY-DORMANT	resource/profile	DEFERRED: preserved blocked component or historical/hardware helper; not used by ready registry dashboard path
helm/open5gs/charts/open5gs-nssf/templates/configmap.yaml	4	LEGACY-DORMANT	resource/profile	DEFERRED: preserved blocked component or historical/hardware helper; not used by ready registry dashboard path
helm/open5gs/charts/open5gs-nssf/templates/deployment.yaml	4-5,71,160	LEGACY-DORMANT	resource/profile	DEFERRED: preserved blocked component or historical/hardware helper; not used by ready registry dashboard path
helm/open5gs/charts/open5gs-nssf/templates/hpa.yaml	4,10	LEGACY-DORMANT	resource/profile	DEFERRED: preserved blocked component or historical/hardware helper; not used by ready registry dashboard path
helm/open5gs/charts/open5gs-nssf/templates/service-sbi.yaml	4-5,27-28,45,47	LEGACY-DORMANT	resource/profile	DEFERRED: preserved blocked component or historical/hardware helper; not used by ready registry dashboard path
helm/open5gs/charts/open5gs-nssf/templates/serviceaccount.yaml	6	LEGACY-DORMANT	resource/profile	DEFERRED: preserved blocked component or historical/hardware helper; not used by ready registry dashboard path
helm/open5gs/charts/open5gs-nssf/values.schema.json	2	LEGACY-DORMANT	endpoint	DEFERRED: preserved blocked component or historical/hardware helper; not used by ready registry dashboard path
helm/open5gs/charts/open5gs-nssf/values.schema.json	325	LEGACY-DORMANT	resource/profile	DEFERRED: preserved blocked component or historical/hardware helper; not used by ready registry dashboard path
helm/open5gs/charts/open5gs-nssf/values.yaml	47,63,68,115,119,124,152,173,178,182,186,204,209,213,221,229,239,256,272,300,304,328,337,353	DOCUMENTATION	endpoint	RETAINED: canonical default, test fixture or historical documentation
helm/open5gs/charts/open5gs-nssf/values.yaml	324	DOCUMENTATION	network-address	RETAINED: canonical default, test fixture or historical documentation
helm/open5gs/charts/open5gs-nssf/values.yaml	24,27,30,67,159,340,342	DOCUMENTATION	resource/profile	RETAINED: canonical default, test fixture or historical documentation
helm/open5gs/charts/open5gs-nssf/values.yaml	85,88,344	LEGACY-DORMANT	resource/profile	DEFERRED: preserved blocked component or historical/hardware helper; not used by ready registry dashboard path
helm/open5gs/charts/open5gs-pcf/Chart.yaml	7,13,16-17,27	LEGACY-DORMANT	endpoint	DEFERRED: preserved blocked component or historical/hardware helper; not used by ready registry dashboard path
helm/open5gs/charts/open5gs-pcf/README.md	3,7,17,23-24,158	DOCUMENTATION	endpoint	RETAINED: canonical default, test fixture or historical documentation
helm/open5gs/charts/open5gs-pcf/README.md	88,93,124,135	DOCUMENTATION	resource/profile	RETAINED: canonical default, test fixture or historical documentation
helm/open5gs/charts/open5gs-pcf/resources/config/pcf.yaml	212,233	DOCUMENTATION	endpoint	RETAINED: canonical default, test fixture or historical documentation
helm/open5gs/charts/open5gs-pcf/resources/config/pcf.yaml	106,108,166	DOCUMENTATION	network-address	RETAINED: canonical default, test fixture or historical documentation
helm/open5gs/charts/open5gs-pcf/resources/config/pcf.yaml	176,182,188,190	DOCUMENTATION	network-address,endpoint	RETAINED: canonical default, test fixture or historical documentation
helm/open5gs/charts/open5gs-pcf/resources/config/pcf.yaml	19,23	LEGACY-DORMANT	endpoint	DEFERRED: preserved blocked component or historical/hardware helper; not used by ready registry dashboard path
helm/open5gs/charts/open5gs-pcf/templates/_helpers.tpl	20	LEGACY-DORMANT	resource/profile	DEFERRED: preserved blocked component or historical/hardware helper; not used by ready registry dashboard path
helm/open5gs/charts/open5gs-pcf/templates/configmap.yaml	4	LEGACY-DORMANT	resource/profile	DEFERRED: preserved blocked component or historical/hardware helper; not used by ready registry dashboard path
helm/open5gs/charts/open5gs-pcf/templates/deployment.yaml	4-5,71,91,168	LEGACY-DORMANT	resource/profile	DEFERRED: preserved blocked component or historical/hardware helper; not used by ready registry dashboard path
helm/open5gs/charts/open5gs-pcf/templates/hpa.yaml	4,10	LEGACY-DORMANT	resource/profile	DEFERRED: preserved blocked component or historical/hardware helper; not used by ready registry dashboard path
helm/open5gs/charts/open5gs-pcf/templates/service-metrics.yaml	5-6,29-30,46,48	LEGACY-DORMANT	resource/profile	DEFERRED: preserved blocked component or historical/hardware helper; not used by ready registry dashboard path
helm/open5gs/charts/open5gs-pcf/templates/service-sbi.yaml	4-5,27-28,45,47	LEGACY-DORMANT	resource/profile	DEFERRED: preserved blocked component or historical/hardware helper; not used by ready registry dashboard path
helm/open5gs/charts/open5gs-pcf/templates/serviceaccount.yaml	6	LEGACY-DORMANT	resource/profile	DEFERRED: preserved blocked component or historical/hardware helper; not used by ready registry dashboard path
helm/open5gs/charts/open5gs-pcf/templates/servicemonitor.yaml	5-6	LEGACY-DORMANT	resource/profile	DEFERRED: preserved blocked component or historical/hardware helper; not used by ready registry dashboard path
helm/open5gs/charts/open5gs-pcf/templates/vmservicescrape.yaml	5-6	LEGACY-DORMANT	resource/profile	DEFERRED: preserved blocked component or historical/hardware helper; not used by ready registry dashboard path
helm/open5gs/charts/open5gs-pcf/values.schema.json	2	LEGACY-DORMANT	endpoint	DEFERRED: preserved blocked component or historical/hardware helper; not used by ready registry dashboard path
helm/open5gs/charts/open5gs-pcf/values.schema.json	226,246,384,432	LEGACY-DORMANT	resource/profile	DEFERRED: preserved blocked component or historical/hardware helper; not used by ready registry dashboard path
helm/open5gs/charts/open5gs-pcf/values.yaml	47,63,68,112,116,121,149,171,176,180,184,202,207,211,219,227,237,253,269,297,301,325,334,350,374,383,402,415-416,444-445	DOCUMENTATION	endpoint	RETAINED: canonical default, test fixture or historical documentation
helm/open5gs/charts/open5gs-pcf/values.yaml	321,370	DOCUMENTATION	network-address	RETAINED: canonical default, test fixture or historical documentation
helm/open5gs/charts/open5gs-pcf/values.yaml	24,27,30,67,156,337,339,386,388,422,451	DOCUMENTATION	resource/profile	RETAINED: canonical default, test fixture or historical documentation
helm/open5gs/charts/open5gs-pcf/values.yaml	86,89,341,390,424,453,461	LEGACY-DORMANT	resource/profile	DEFERRED: preserved blocked component or historical/hardware helper; not used by ready registry dashboard path
helm/open5gs/charts/open5gs-pcrf/Chart.yaml	7,13,16-17,28	LEGACY-DORMANT	endpoint	DEFERRED: preserved blocked component or historical/hardware helper; not used by ready registry dashboard path
helm/open5gs/charts/open5gs-pcrf/README.md	3,7,17,23-24,109	DOCUMENTATION	endpoint	RETAINED: canonical default, test fixture or historical documentation
helm/open5gs/charts/open5gs-pcrf/README.md	92	DOCUMENTATION	resource/profile	RETAINED: canonical default, test fixture or historical documentation
helm/open5gs/charts/open5gs-pcrf/resources/config/diameter-pcrf.conf	101,131	DOCUMENTATION	endpoint	RETAINED: canonical default, test fixture or historical documentation
helm/open5gs/charts/open5gs-pcrf/resources/config/diameter-pcrf.conf	80,83,256	DOCUMENTATION	network-address	RETAINED: canonical default, test fixture or historical documentation
helm/open5gs/charts/open5gs-pcrf/templates/_helpers.tpl	20	LEGACY-DORMANT	resource/profile	DEFERRED: preserved blocked component or historical/hardware helper; not used by ready registry dashboard path
helm/open5gs/charts/open5gs-pcrf/templates/configmap-diameter.yaml	4	LEGACY-DORMANT	resource/profile	DEFERRED: preserved blocked component or historical/hardware helper; not used by ready registry dashboard path
helm/open5gs/charts/open5gs-pcrf/templates/configmap.yaml	4	LEGACY-DORMANT	resource/profile	DEFERRED: preserved blocked component or historical/hardware helper; not used by ready registry dashboard path
helm/open5gs/charts/open5gs-pcrf/templates/deployment.yaml	4-5,71,91,140,143	LEGACY-DORMANT	resource/profile	DEFERRED: preserved blocked component or historical/hardware helper; not used by ready registry dashboard path
helm/open5gs/charts/open5gs-pcrf/templates/hpa.yaml	4,10	LEGACY-DORMANT	resource/profile	DEFERRED: preserved blocked component or historical/hardware helper; not used by ready registry dashboard path
helm/open5gs/charts/open5gs-pcrf/templates/service-frdi.yaml	4-5,27-28,45,47	LEGACY-DORMANT	resource/profile	DEFERRED: preserved blocked component or historical/hardware helper; not used by ready registry dashboard path
helm/open5gs/charts/open5gs-pcrf/templates/serviceaccount.yaml	6	LEGACY-DORMANT	resource/profile	DEFERRED: preserved blocked component or historical/hardware helper; not used by ready registry dashboard path
helm/open5gs/charts/open5gs-pcrf/values.schema.json	2	LEGACY-DORMANT	endpoint	DEFERRED: preserved blocked component or historical/hardware helper; not used by ready registry dashboard path
helm/open5gs/charts/open5gs-pcrf/values.schema.json	262	LEGACY-DORMANT	resource/profile	DEFERRED: preserved blocked component or historical/hardware helper; not used by ready registry dashboard path
helm/open5gs/charts/open5gs-pcrf/values.yaml	47,63,68,107,111,116,144,165,170,174,178,196,201,205,213,221,244,248,272,281,297	DOCUMENTATION	endpoint	RETAINED: canonical default, test fixture or historical documentation
helm/open5gs/charts/open5gs-pcrf/values.yaml	268	DOCUMENTATION	network-address	RETAINED: canonical default, test fixture or historical documentation
helm/open5gs/charts/open5gs-pcrf/values.yaml	24,27,30,67,151,284,286	DOCUMENTATION	resource/profile	RETAINED: canonical default, test fixture or historical documentation
helm/open5gs/charts/open5gs-pcrf/values.yaml	82,288,307	LEGACY-DORMANT	resource/profile	DEFERRED: preserved blocked component or historical/hardware helper; not used by ready registry dashboard path
helm/open5gs/charts/open5gs-scp/Chart.yaml	7,13,16-17,28	LEGACY-DORMANT	endpoint	DEFERRED: preserved blocked component or historical/hardware helper; not used by ready registry dashboard path
helm/open5gs/charts/open5gs-scp/README.md	3,7,17,23-24,131	DOCUMENTATION	endpoint	RETAINED: canonical default, test fixture or historical documentation
helm/open5gs/charts/open5gs-scp/README.md	108	DOCUMENTATION	resource/profile	RETAINED: canonical default, test fixture or historical documentation
helm/open5gs/charts/open5gs-scp/resources/config/scp.yaml	78	DOCUMENTATION	network-address	RETAINED: canonical default, test fixture or historical documentation
helm/open5gs/charts/open5gs-scp/resources/config/scp.yaml	88	DOCUMENTATION	network-address,endpoint	RETAINED: canonical default, test fixture or historical documentation
helm/open5gs/charts/open5gs-scp/resources/config/scp.yaml	19	LEGACY-DORMANT	endpoint	DEFERRED: preserved blocked component or historical/hardware helper; not used by ready registry dashboard path
helm/open5gs/charts/open5gs-scp/templates/_helpers.tpl	20	LEGACY-DORMANT	resource/profile	DEFERRED: preserved blocked component or historical/hardware helper; not used by ready registry dashboard path
helm/open5gs/charts/open5gs-scp/templates/configmap.yaml	4	LEGACY-DORMANT	resource/profile	DEFERRED: preserved blocked component or historical/hardware helper; not used by ready registry dashboard path
helm/open5gs/charts/open5gs-scp/templates/deployment.yaml	4-5,71,91,166	LEGACY-DORMANT	resource/profile	DEFERRED: preserved blocked component or historical/hardware helper; not used by ready registry dashboard path
helm/open5gs/charts/open5gs-scp/templates/hpa.yaml	4,10	LEGACY-DORMANT	resource/profile	DEFERRED: preserved blocked component or historical/hardware helper; not used by ready registry dashboard path
helm/open5gs/charts/open5gs-scp/templates/service-sbi.yaml	4-5,27-28,44,46	LEGACY-DORMANT	resource/profile	DEFERRED: preserved blocked component or historical/hardware helper; not used by ready registry dashboard path
helm/open5gs/charts/open5gs-scp/templates/serviceaccount.yaml	6	LEGACY-DORMANT	resource/profile	DEFERRED: preserved blocked component or historical/hardware helper; not used by ready registry dashboard path
helm/open5gs/charts/open5gs-scp/values.schema.json	2	LEGACY-DORMANT	endpoint	DEFERRED: preserved blocked component or historical/hardware helper; not used by ready registry dashboard path
helm/open5gs/charts/open5gs-scp/values.schema.json	316	LEGACY-DORMANT	resource/profile	DEFERRED: preserved blocked component or historical/hardware helper; not used by ready registry dashboard path
helm/open5gs/charts/open5gs-scp/values.yaml	47,63,68,109,113,118,146,167,172,176,180,198,203,207,215,223,233,249,265,293,297,321,330,346	DOCUMENTATION	endpoint	RETAINED: canonical default, test fixture or historical documentation
helm/open5gs/charts/open5gs-scp/values.yaml	317	DOCUMENTATION	network-address	RETAINED: canonical default, test fixture or historical documentation
helm/open5gs/charts/open5gs-scp/values.yaml	24,27,30,67,153,333,335	DOCUMENTATION	resource/profile	RETAINED: canonical default, test fixture or historical documentation
helm/open5gs/charts/open5gs-scp/values.yaml	85,337,356	LEGACY-DORMANT	resource/profile	DEFERRED: preserved blocked component or historical/hardware helper; not used by ready registry dashboard path
helm/open5gs/charts/open5gs-sgwc/Chart.yaml	7,12-13,22	LEGACY-DORMANT	endpoint	DEFERRED: preserved blocked component or historical/hardware helper; not used by ready registry dashboard path
helm/open5gs/charts/open5gs-sgwc/README.md	3,7,17,23,125	DOCUMENTATION	endpoint	RETAINED: canonical default, test fixture or historical documentation
helm/open5gs/charts/open5gs-sgwc/README.md	34-35,43	DOCUMENTATION	network-address	RETAINED: canonical default, test fixture or historical documentation
helm/open5gs/charts/open5gs-sgwc/README.md	97,108	DOCUMENTATION	resource/profile	RETAINED: canonical default, test fixture or historical documentation
helm/open5gs/charts/open5gs-sgwc/templates/_helpers.tpl	20	LEGACY-DORMANT	resource/profile	DEFERRED: preserved blocked component or historical/hardware helper; not used by ready registry dashboard path
helm/open5gs/charts/open5gs-sgwc/templates/configmap.yaml	4	LEGACY-DORMANT	resource/profile	DEFERRED: preserved blocked component or historical/hardware helper; not used by ready registry dashboard path
helm/open5gs/charts/open5gs-sgwc/templates/deployment.yaml	4-5,71,134	LEGACY-DORMANT	resource/profile	DEFERRED: preserved blocked component or historical/hardware helper; not used by ready registry dashboard path
helm/open5gs/charts/open5gs-sgwc/templates/hpa.yaml	4,10	LEGACY-DORMANT	resource/profile	DEFERRED: preserved blocked component or historical/hardware helper; not used by ready registry dashboard path
helm/open5gs/charts/open5gs-sgwc/templates/service-gtpc.yaml	4-5,27-28,45,47	LEGACY-DORMANT	resource/profile	DEFERRED: preserved blocked component or historical/hardware helper; not used by ready registry dashboard path
helm/open5gs/charts/open5gs-sgwc/templates/service-pfcp.yaml	4-5,27-28,45,47	LEGACY-DORMANT	resource/profile	DEFERRED: preserved blocked component or historical/hardware helper; not used by ready registry dashboard path
helm/open5gs/charts/open5gs-sgwc/templates/serviceaccount.yaml	6	LEGACY-DORMANT	resource/profile	DEFERRED: preserved blocked component or historical/hardware helper; not used by ready registry dashboard path
helm/open5gs/charts/open5gs-sgwc/values.schema.json	2	LEGACY-DORMANT	endpoint	DEFERRED: preserved blocked component or historical/hardware helper; not used by ready registry dashboard path
helm/open5gs/charts/open5gs-sgwc/values.schema.json	257,305	LEGACY-DORMANT	resource/profile	DEFERRED: preserved blocked component or historical/hardware helper; not used by ready registry dashboard path
helm/open5gs/charts/open5gs-sgwc/values.yaml	47,63,68,110,114,119,147,169,174,178,182,200,205,209,217,225,247,251,275,284,300,324,333,349	DOCUMENTATION	endpoint	RETAINED: canonical default, test fixture or historical documentation
helm/open5gs/charts/open5gs-sgwc/values.yaml	271,320	DOCUMENTATION	network-address	RETAINED: canonical default, test fixture or historical documentation
helm/open5gs/charts/open5gs-sgwc/values.yaml	24,27,30,67,154,287,289,336,338	DOCUMENTATION	resource/profile	RETAINED: canonical default, test fixture or historical documentation
helm/open5gs/charts/open5gs-sgwc/values.yaml	84,291,340	LEGACY-DORMANT	resource/profile	DEFERRED: preserved blocked component or historical/hardware helper; not used by ready registry dashboard path
helm/open5gs/charts/open5gs-sgwu/Chart.yaml	7,12-13,22	LEGACY-DORMANT	endpoint	DEFERRED: preserved blocked component or historical/hardware helper; not used by ready registry dashboard path
helm/open5gs/charts/open5gs-sgwu/README.md	3,7,17,23,119	DOCUMENTATION	endpoint	RETAINED: canonical default, test fixture or historical documentation
helm/open5gs/charts/open5gs-sgwu/README.md	91,102	DOCUMENTATION	resource/profile	RETAINED: canonical default, test fixture or historical documentation
helm/open5gs/charts/open5gs-sgwu/templates/_helpers.tpl	20	LEGACY-DORMANT	resource/profile	DEFERRED: preserved blocked component or historical/hardware helper; not used by ready registry dashboard path
helm/open5gs/charts/open5gs-sgwu/templates/configmap.yaml	4	LEGACY-DORMANT	resource/profile	DEFERRED: preserved blocked component or historical/hardware helper; not used by ready registry dashboard path
helm/open5gs/charts/open5gs-sgwu/templates/deployment.yaml	4-5,71,134	LEGACY-DORMANT	resource/profile	DEFERRED: preserved blocked component or historical/hardware helper; not used by ready registry dashboard path
helm/open5gs/charts/open5gs-sgwu/templates/hpa.yaml	4,10	LEGACY-DORMANT	resource/profile	DEFERRED: preserved blocked component or historical/hardware helper; not used by ready registry dashboard path
helm/open5gs/charts/open5gs-sgwu/templates/service-gtpu.yaml	4-5,27-28,45,47	LEGACY-DORMANT	resource/profile	DEFERRED: preserved blocked component or historical/hardware helper; not used by ready registry dashboard path
helm/open5gs/charts/open5gs-sgwu/templates/service-pfcp.yaml	4-5,27-28,45,47	LEGACY-DORMANT	resource/profile	DEFERRED: preserved blocked component or historical/hardware helper; not used by ready registry dashboard path
helm/open5gs/charts/open5gs-sgwu/templates/serviceaccount.yaml	6	LEGACY-DORMANT	resource/profile	DEFERRED: preserved blocked component or historical/hardware helper; not used by ready registry dashboard path
helm/open5gs/charts/open5gs-sgwu/values.schema.json	2	LEGACY-DORMANT	endpoint	DEFERRED: preserved blocked component or historical/hardware helper; not used by ready registry dashboard path
helm/open5gs/charts/open5gs-sgwu/values.schema.json	267,315	LEGACY-DORMANT	resource/profile	DEFERRED: preserved blocked component or historical/hardware helper; not used by ready registry dashboard path
helm/open5gs/charts/open5gs-sgwu/values.yaml	47,63,68,113,117,122,150,172,177,181,185,203,208,212,220,228,250,254,278,287,303,327,336,352	DOCUMENTATION	endpoint	RETAINED: canonical default, test fixture or historical documentation
helm/open5gs/charts/open5gs-sgwu/values.yaml	274,323	DOCUMENTATION	network-address	RETAINED: canonical default, test fixture or historical documentation
helm/open5gs/charts/open5gs-sgwu/values.yaml	24,27,30,67,157,290,292,339,341	DOCUMENTATION	resource/profile	RETAINED: canonical default, test fixture or historical documentation
helm/open5gs/charts/open5gs-sgwu/values.yaml	294,343	LEGACY-DORMANT	resource/profile	DEFERRED: preserved blocked component or historical/hardware helper; not used by ready registry dashboard path
helm/open5gs/charts/open5gs-smf/Chart.yaml	7,12-13,22	LEGACY-DORMANT	endpoint	DEFERRED: preserved blocked component or historical/hardware helper; not used by ready registry dashboard path
helm/open5gs/charts/open5gs-smf/README.md	3,7,17,23,216	DOCUMENTATION	endpoint	RETAINED: canonical default, test fixture or historical documentation
helm/open5gs/charts/open5gs-smf/README.md	34-35,52	DOCUMENTATION	network-address	RETAINED: canonical default, test fixture or historical documentation
helm/open5gs/charts/open5gs-smf/README.md	102,107,137,148,159,170,181,192	DOCUMENTATION	resource/profile	RETAINED: canonical default, test fixture or historical documentation
helm/open5gs/charts/open5gs-smf/resources/config/diameter-smf.conf	102,133	DOCUMENTATION	endpoint	RETAINED: canonical default, test fixture or historical documentation
helm/open5gs/charts/open5gs-smf/resources/config/diameter-smf.conf	81,84,258	DOCUMENTATION	network-address	RETAINED: canonical default, test fixture or historical documentation
helm/open5gs/charts/open5gs-smf/resources/config/smf.yaml	258,279	DOCUMENTATION	endpoint	RETAINED: canonical default, test fixture or historical documentation
helm/open5gs/charts/open5gs-smf/resources/config/smf.yaml	212,298,300,307,309,317,319,328,337,343,346,350,357,359-361	DOCUMENTATION	network-address	RETAINED: canonical default, test fixture or historical documentation
helm/open5gs/charts/open5gs-smf/resources/config/smf.yaml	222,228,234,236	DOCUMENTATION	network-address,endpoint	RETAINED: canonical default, test fixture or historical documentation
helm/open5gs/charts/open5gs-smf/resources/config/smf.yaml	78,85,94,107-109	DOCUMENTATION	resource/profile	RETAINED: canonical default, test fixture or historical documentation
helm/open5gs/charts/open5gs-smf/resources/config/smf.yaml	20,24	LEGACY-DORMANT	endpoint	DEFERRED: preserved blocked component or historical/hardware helper; not used by ready registry dashboard path
helm/open5gs/charts/open5gs-smf/templates/_helpers.tpl	20	LEGACY-DORMANT	resource/profile	DEFERRED: preserved blocked component or historical/hardware helper; not used by ready registry dashboard path
helm/open5gs/charts/open5gs-smf/templates/configmap-diameter.yaml	5	LEGACY-DORMANT	resource/profile	DEFERRED: preserved blocked component or historical/hardware helper; not used by ready registry dashboard path
helm/open5gs/charts/open5gs-smf/templates/configmap.yaml	4	LEGACY-DORMANT	resource/profile	DEFERRED: preserved blocked component or historical/hardware helper; not used by ready registry dashboard path
helm/open5gs/charts/open5gs-smf/templates/deployment.yaml	4-5,71,182,186	LEGACY-DORMANT	resource/profile	DEFERRED: preserved blocked component or historical/hardware helper; not used by ready registry dashboard path
helm/open5gs/charts/open5gs-smf/templates/hpa.yaml	4,10	LEGACY-DORMANT	resource/profile	DEFERRED: preserved blocked component or historical/hardware helper; not used by ready registry dashboard path
helm/open5gs/charts/open5gs-smf/templates/service-frdi.yaml	5-6,28-29,46,48	LEGACY-DORMANT	resource/profile	DEFERRED: preserved blocked component or historical/hardware helper; not used by ready registry dashboard path
helm/open5gs/charts/open5gs-smf/templates/service-gtpc.yaml	4-5,27-28,45,47	LEGACY-DORMANT	resource/profile	DEFERRED: preserved blocked component or historical/hardware helper; not used by ready registry dashboard path
helm/open5gs/charts/open5gs-smf/templates/service-gtpu.yaml	4-5,27-28,45,47	LEGACY-DORMANT	resource/profile	DEFERRED: preserved blocked component or historical/hardware helper; not used by ready registry dashboard path
helm/open5gs/charts/open5gs-smf/templates/service-metrics.yaml	5-6,29-30,46,48	LEGACY-DORMANT	resource/profile	DEFERRED: preserved blocked component or historical/hardware helper; not used by ready registry dashboard path
helm/open5gs/charts/open5gs-smf/templates/service-pfcp.yaml	4-5,27-28,45,47	LEGACY-DORMANT	resource/profile	DEFERRED: preserved blocked component or historical/hardware helper; not used by ready registry dashboard path
helm/open5gs/charts/open5gs-smf/templates/service-sbi.yaml	4-5,27-28,45,47	LEGACY-DORMANT	resource/profile	DEFERRED: preserved blocked component or historical/hardware helper; not used by ready registry dashboard path
helm/open5gs/charts/open5gs-smf/templates/serviceaccount.yaml	6	LEGACY-DORMANT	resource/profile	DEFERRED: preserved blocked component or historical/hardware helper; not used by ready registry dashboard path
helm/open5gs/charts/open5gs-smf/templates/servicemonitor.yaml	5-6	LEGACY-DORMANT	resource/profile	DEFERRED: preserved blocked component or historical/hardware helper; not used by ready registry dashboard path
helm/open5gs/charts/open5gs-smf/templates/vmservicescrape.yaml	5-6	LEGACY-DORMANT	resource/profile	DEFERRED: preserved blocked component or historical/hardware helper; not used by ready registry dashboard path
helm/open5gs/charts/open5gs-smf/values.schema.json	2	LEGACY-DORMANT	endpoint	DEFERRED: preserved blocked component or historical/hardware helper; not used by ready registry dashboard path
helm/open5gs/charts/open5gs-smf/values.schema.json	290,310,435,483,531,584,632,680	LEGACY-DORMANT	resource/profile	DEFERRED: preserved blocked component or historical/hardware helper; not used by ready registry dashboard path
helm/open5gs/charts/open5gs-smf/values.yaml	47,63,68,132,136,141,169,195,200,204,208,226,231,235,243,251,261,278,294,322,326,350,359,375,399,408,424,448,457,473,497,506,522,546,555,571,595,604,623,636-637,665-666	DOCUMENTATION	endpoint	RETAINED: canonical default, test fixture or historical documentation
helm/open5gs/charts/open5gs-smf/values.yaml	346,395,444,493,542,591	DOCUMENTATION	network-address	RETAINED: canonical default, test fixture or historical documentation
helm/open5gs/charts/open5gs-smf/values.yaml	24,27,30,67,176,362,364,411,413,460,462,509,511,558,560,607,609,643,672	DOCUMENTATION	resource/profile	RETAINED: canonical default, test fixture or historical documentation
helm/open5gs/charts/open5gs-smf/values.yaml	99-100,104-105	LEGACY-DORMANT	network-address	DEFERRED: preserved blocked component or historical/hardware helper; not used by ready registry dashboard path
helm/open5gs/charts/open5gs-smf/values.yaml	86,89,92,96,366,415,464,513,562,611,645,674	LEGACY-DORMANT	resource/profile	DEFERRED: preserved blocked component or historical/hardware helper; not used by ready registry dashboard path
helm/open5gs/charts/open5gs-udm/Chart.yaml	7,12-13,23	LEGACY-DORMANT	endpoint	DEFERRED: preserved blocked component or historical/hardware helper; not used by ready registry dashboard path
helm/open5gs/charts/open5gs-udm/README.md	3,7,17,23,130	DOCUMENTATION	endpoint	RETAINED: canonical default, test fixture or historical documentation
helm/open5gs/charts/open5gs-udm/README.md	107	DOCUMENTATION	resource/profile	RETAINED: canonical default, test fixture or historical documentation
helm/open5gs/charts/open5gs-udm/resources/config/udm.yaml	145,166	DOCUMENTATION	endpoint	RETAINED: canonical default, test fixture or historical documentation
helm/open5gs/charts/open5gs-udm/resources/config/udm.yaml	99	DOCUMENTATION	network-address	RETAINED: canonical default, test fixture or historical documentation
helm/open5gs/charts/open5gs-udm/resources/config/udm.yaml	109,115,121,123	DOCUMENTATION	network-address,endpoint	RETAINED: canonical default, test fixture or historical documentation
helm/open5gs/charts/open5gs-udm/resources/config/udm.yaml	38,42	LEGACY-DORMANT	endpoint	DEFERRED: preserved blocked component or historical/hardware helper; not used by ready registry dashboard path
helm/open5gs/charts/open5gs-udm/templates/_helpers.tpl	20	LEGACY-DORMANT	resource/profile	DEFERRED: preserved blocked component or historical/hardware helper; not used by ready registry dashboard path
helm/open5gs/charts/open5gs-udm/templates/configmap.yaml	4	LEGACY-DORMANT	resource/profile	DEFERRED: preserved blocked component or historical/hardware helper; not used by ready registry dashboard path
helm/open5gs/charts/open5gs-udm/templates/deployment.yaml	4-5,71,160	LEGACY-DORMANT	resource/profile	DEFERRED: preserved blocked component or historical/hardware helper; not used by ready registry dashboard path
helm/open5gs/charts/open5gs-udm/templates/hpa.yaml	4,10	LEGACY-DORMANT	resource/profile	DEFERRED: preserved blocked component or historical/hardware helper; not used by ready registry dashboard path
helm/open5gs/charts/open5gs-udm/templates/service-sbi.yaml	4-5,27-28,45,47	LEGACY-DORMANT	resource/profile	DEFERRED: preserved blocked component or historical/hardware helper; not used by ready registry dashboard path
helm/open5gs/charts/open5gs-udm/templates/serviceaccount.yaml	6	LEGACY-DORMANT	resource/profile	DEFERRED: preserved blocked component or historical/hardware helper; not used by ready registry dashboard path
helm/open5gs/charts/open5gs-udm/values.schema.json	2	LEGACY-DORMANT	endpoint	DEFERRED: preserved blocked component or historical/hardware helper; not used by ready registry dashboard path
helm/open5gs/charts/open5gs-udm/values.schema.json	311	LEGACY-DORMANT	resource/profile	DEFERRED: preserved blocked component or historical/hardware helper; not used by ready registry dashboard path
helm/open5gs/charts/open5gs-udm/values.yaml	47,63,68,112,116,121,149,170,175,179,183,201,206,210,218,226,236,252,268,296,300,324,333,349	DOCUMENTATION	endpoint	RETAINED: canonical default, test fixture or historical documentation
helm/open5gs/charts/open5gs-udm/values.yaml	320	DOCUMENTATION	network-address	RETAINED: canonical default, test fixture or historical documentation
helm/open5gs/charts/open5gs-udm/values.yaml	24,27,30,67,156,336,338	DOCUMENTATION	resource/profile	RETAINED: canonical default, test fixture or historical documentation
helm/open5gs/charts/open5gs-udm/values.yaml	86,89,340	LEGACY-DORMANT	resource/profile	DEFERRED: preserved blocked component or historical/hardware helper; not used by ready registry dashboard path
helm/open5gs/charts/open5gs-udr/Chart.yaml	7,13,16-17,27	LEGACY-DORMANT	endpoint	DEFERRED: preserved blocked component or historical/hardware helper; not used by ready registry dashboard path
helm/open5gs/charts/open5gs-udr/README.md	3,7,17,23-24,134	DOCUMENTATION	endpoint	RETAINED: canonical default, test fixture or historical documentation
helm/open5gs/charts/open5gs-udr/README.md	111	DOCUMENTATION	resource/profile	RETAINED: canonical default, test fixture or historical documentation
helm/open5gs/charts/open5gs-udr/resources/config/udr.yaml	85,106	DOCUMENTATION	endpoint	RETAINED: canonical default, test fixture or historical documentation
helm/open5gs/charts/open5gs-udr/resources/config/udr.yaml	39	DOCUMENTATION	network-address	RETAINED: canonical default, test fixture or historical documentation
helm/open5gs/charts/open5gs-udr/resources/config/udr.yaml	49,55,61,63	DOCUMENTATION	network-address,endpoint	RETAINED: canonical default, test fixture or historical documentation
helm/open5gs/charts/open5gs-udr/resources/config/udr.yaml	19,23	LEGACY-DORMANT	endpoint	DEFERRED: preserved blocked component or historical/hardware helper; not used by ready registry dashboard path
helm/open5gs/charts/open5gs-udr/templates/_helpers.tpl	20	LEGACY-DORMANT	resource/profile	DEFERRED: preserved blocked component or historical/hardware helper; not used by ready registry dashboard path
helm/open5gs/charts/open5gs-udr/templates/configmap.yaml	4	LEGACY-DORMANT	resource/profile	DEFERRED: preserved blocked component or historical/hardware helper; not used by ready registry dashboard path
helm/open5gs/charts/open5gs-udr/templates/deployment.yaml	4-5,71,91,166	LEGACY-DORMANT	resource/profile	DEFERRED: preserved blocked component or historical/hardware helper; not used by ready registry dashboard path
helm/open5gs/charts/open5gs-udr/templates/hpa.yaml	4,10	LEGACY-DORMANT	resource/profile	DEFERRED: preserved blocked component or historical/hardware helper; not used by ready registry dashboard path
helm/open5gs/charts/open5gs-udr/templates/service-sbi.yaml	4-5,27-28,45,47	LEGACY-DORMANT	resource/profile	DEFERRED: preserved blocked component or historical/hardware helper; not used by ready registry dashboard path
helm/open5gs/charts/open5gs-udr/templates/serviceaccount.yaml	6	LEGACY-DORMANT	resource/profile	DEFERRED: preserved blocked component or historical/hardware helper; not used by ready registry dashboard path
helm/open5gs/charts/open5gs-udr/values.schema.json	2	LEGACY-DORMANT	endpoint	DEFERRED: preserved blocked component or historical/hardware helper; not used by ready registry dashboard path
helm/open5gs/charts/open5gs-udr/values.schema.json	330	LEGACY-DORMANT	resource/profile	DEFERRED: preserved blocked component or historical/hardware helper; not used by ready registry dashboard path
helm/open5gs/charts/open5gs-udr/values.yaml	47,63,68,112,116,121,149,170,175,179,183,201,206,210,218,226,236,252,268,296,300,324,333,349	DOCUMENTATION	endpoint	RETAINED: canonical default, test fixture or historical documentation
helm/open5gs/charts/open5gs-udr/values.yaml	320	DOCUMENTATION	network-address	RETAINED: canonical default, test fixture or historical documentation
helm/open5gs/charts/open5gs-udr/values.yaml	24,27,30,67,156,336,338	DOCUMENTATION	resource/profile	RETAINED: canonical default, test fixture or historical documentation
helm/open5gs/charts/open5gs-udr/values.yaml	86,89,340,360	LEGACY-DORMANT	resource/profile	DEFERRED: preserved blocked component or historical/hardware helper; not used by ready registry dashboard path
helm/open5gs/charts/open5gs-upf/Chart.yaml	7,12-13,23	LEGACY-DORMANT	endpoint	DEFERRED: preserved blocked component or historical/hardware helper; not used by ready registry dashboard path
helm/open5gs/charts/open5gs-upf/README.md	3,7,17,23,151	DOCUMENTATION	endpoint	RETAINED: canonical default, test fixture or historical documentation
helm/open5gs/charts/open5gs-upf/README.md	37	DOCUMENTATION	network-address	RETAINED: canonical default, test fixture or historical documentation
helm/open5gs/charts/open5gs-upf/README.md	82,87,112,123,134	DOCUMENTATION	resource/profile	RETAINED: canonical default, test fixture or historical documentation
helm/open5gs/charts/open5gs-upf/resources/config/upf.yaml	56,62,72-73,75,79,84	DOCUMENTATION	network-address	RETAINED: canonical default, test fixture or historical documentation
helm/open5gs/charts/open5gs-upf/templates/_helpers.tpl	20	LEGACY-DORMANT	resource/profile	DEFERRED: preserved blocked component or historical/hardware helper; not used by ready registry dashboard path
helm/open5gs/charts/open5gs-upf/templates/configmap-entrypoint.yaml	4	LEGACY-DORMANT	resource/profile	DEFERRED: preserved blocked component or historical/hardware helper; not used by ready registry dashboard path
helm/open5gs/charts/open5gs-upf/templates/configmap.yaml	4	LEGACY-DORMANT	resource/profile	DEFERRED: preserved blocked component or historical/hardware helper; not used by ready registry dashboard path
helm/open5gs/charts/open5gs-upf/templates/deployment.yaml	4-5,89,154,157	LEGACY-DORMANT	resource/profile	DEFERRED: preserved blocked component or historical/hardware helper; not used by ready registry dashboard path
helm/open5gs/charts/open5gs-upf/templates/hpa.yaml	4,10	LEGACY-DORMANT	resource/profile	DEFERRED: preserved blocked component or historical/hardware helper; not used by ready registry dashboard path
helm/open5gs/charts/open5gs-upf/templates/service-gtpu.yaml	4-5,27-28,45,47	LEGACY-DORMANT	resource/profile	DEFERRED: preserved blocked component or historical/hardware helper; not used by ready registry dashboard path
helm/open5gs/charts/open5gs-upf/templates/service-metrics.yaml	5-6,29-30,46,48	LEGACY-DORMANT	resource/profile	DEFERRED: preserved blocked component or historical/hardware helper; not used by ready registry dashboard path
helm/open5gs/charts/open5gs-upf/templates/service-pfcp.yaml	4-5,27-28,45,47	LEGACY-DORMANT	resource/profile	DEFERRED: preserved blocked component or historical/hardware helper; not used by ready registry dashboard path
helm/open5gs/charts/open5gs-upf/templates/serviceaccount.yaml	6	LEGACY-DORMANT	resource/profile	DEFERRED: preserved blocked component or historical/hardware helper; not used by ready registry dashboard path
helm/open5gs/charts/open5gs-upf/templates/servicemonitor.yaml	5-6	LEGACY-DORMANT	resource/profile	DEFERRED: preserved blocked component or historical/hardware helper; not used by ready registry dashboard path
helm/open5gs/charts/open5gs-upf/templates/vmservicescrape.yaml	5-6	LEGACY-DORMANT	resource/profile	DEFERRED: preserved blocked component or historical/hardware helper; not used by ready registry dashboard path
helm/open5gs/charts/open5gs-upf/values.schema.json	2	LEGACY-DORMANT	endpoint	DEFERRED: preserved blocked component or historical/hardware helper; not used by ready registry dashboard path
helm/open5gs/charts/open5gs-upf/values.schema.json	218,238,348,401,449	LEGACY-DORMANT	resource/profile	DEFERRED: preserved blocked component or historical/hardware helper; not used by ready registry dashboard path
helm/open5gs/charts/open5gs-upf/values.yaml	47,63,68,116,120,125,153,176,181,185,189,207,212,216,224,232,246,263,279,307,311,335,344,360,384,393,409,433,442,461,474-475,503-504	DOCUMENTATION	endpoint	RETAINED: canonical default, test fixture or historical documentation
helm/open5gs/charts/open5gs-upf/values.yaml	331,380,429	DOCUMENTATION	network-address	RETAINED: canonical default, test fixture or historical documentation
helm/open5gs/charts/open5gs-upf/values.yaml	24,27,30,67,160,347,349,396,398,445,447,481,510	DOCUMENTATION	resource/profile	RETAINED: canonical default, test fixture or historical documentation
helm/open5gs/charts/open5gs-upf/values.yaml	86-87	LEGACY-DORMANT	network-address	DEFERRED: preserved blocked component or historical/hardware helper; not used by ready registry dashboard path
helm/open5gs/charts/open5gs-upf/values.yaml	351,400,449,483,512	LEGACY-DORMANT	resource/profile	DEFERRED: preserved blocked component or historical/hardware helper; not used by ready registry dashboard path
helm/open5gs/charts/open5gs-webui/Chart.yaml	7,13,16-17,29	LEGACY-DORMANT	endpoint	DEFERRED: preserved blocked component or historical/hardware helper; not used by ready registry dashboard path
helm/open5gs/charts/open5gs-webui/README.md	3,7,18,24-25,137	DOCUMENTATION	endpoint	RETAINED: canonical default, test fixture or historical documentation
helm/open5gs/charts/open5gs-webui/README.md	114	DOCUMENTATION	resource/profile	RETAINED: canonical default, test fixture or historical documentation
helm/open5gs/charts/open5gs-webui/templates/_helpers.tpl	20	LEGACY-DORMANT	resource/profile	DEFERRED: preserved blocked component or historical/hardware helper; not used by ready registry dashboard path
helm/open5gs/charts/open5gs-webui/templates/configmap.yaml	4	LEGACY-DORMANT	resource/profile	DEFERRED: preserved blocked component or historical/hardware helper; not used by ready registry dashboard path
helm/open5gs/charts/open5gs-webui/templates/deployment.yaml	4-5,74,87,104,178	LEGACY-DORMANT	resource/profile	DEFERRED: preserved blocked component or historical/hardware helper; not used by ready registry dashboard path
helm/open5gs/charts/open5gs-webui/templates/ingress.yaml	6,24	LEGACY-DORMANT	resource/profile	DEFERRED: preserved blocked component or historical/hardware helper; not used by ready registry dashboard path
helm/open5gs/charts/open5gs-webui/templates/service-http.yaml	4-5,27-28,45,47	LEGACY-DORMANT	resource/profile	DEFERRED: preserved blocked component or historical/hardware helper; not used by ready registry dashboard path
helm/open5gs/charts/open5gs-webui/templates/serviceaccount.yaml	6	LEGACY-DORMANT	resource/profile	DEFERRED: preserved blocked component or historical/hardware helper; not used by ready registry dashboard path
helm/open5gs/charts/open5gs-webui/values.schema.json	2	LEGACY-DORMANT	endpoint	DEFERRED: preserved blocked component or historical/hardware helper; not used by ready registry dashboard path
helm/open5gs/charts/open5gs-webui/values.schema.json	325	LEGACY-DORMANT	resource/profile	DEFERRED: preserved blocked component or historical/hardware helper; not used by ready registry dashboard path
helm/open5gs/charts/open5gs-webui/values.yaml	47,63,68,98,102,107,135,156,161,165,169,187,192,196,204,212,222,238,254,282,286,310,319,335,357,367,369,397,419	DOCUMENTATION	endpoint	RETAINED: canonical default, test fixture or historical documentation
helm/open5gs/charts/open5gs-webui/values.yaml	306	DOCUMENTATION	network-address	RETAINED: canonical default, test fixture or historical documentation
helm/open5gs/charts/open5gs-webui/values.yaml	24,27,30,67,142,322,324	DOCUMENTATION	resource/profile	RETAINED: canonical default, test fixture or historical documentation
helm/open5gs/charts/open5gs-webui/values.yaml	326,433	LEGACY-DORMANT	resource/profile	DEFERRED: preserved blocked component or historical/hardware helper; not used by ready registry dashboard path
helm/open5gs/templates/populate-deployment.yaml	5-6	LEGACY-DORMANT	resource/profile	DEFERRED: preserved blocked component or historical/hardware helper; not used by ready registry dashboard path
helm/open5gs/values.yaml	162,223,244	LEGACY-DORMANT	endpoint	DEFERRED: preserved blocked component or historical/hardware helper; not used by ready registry dashboard path
helm/open5gs/values.yaml	33-34,36-37,39-40,43,57-58,64-65,71-72	LEGACY-DORMANT	network-address	DEFERRED: preserved blocked component or historical/hardware helper; not used by ready registry dashboard path
helm/oran-oai/cu/Chart.yaml	2	LEGACY-DORMANT	deployment-identities	DEFERRED: preserved blocked component or historical/hardware helper; not used by ready registry dashboard path
helm/oran-oai/cu/templates/cu.yaml	4,12-13,81,83,90,94,107,110,114,120,123	LEGACY-DORMANT	deployment-identities	DEFERRED: preserved blocked component or historical/hardware helper; not used by ready registry dashboard path
helm/oran-oai/cu/templates/cu.yaml	73	LEGACY-DORMANT	external-radio/IMS/RIC	DEFERRED: preserved blocked component or historical/hardware helper; not used by ready registry dashboard path
helm/oran-oai/cu/templates/cu.yaml	34	LEGACY-DORMANT	network-address	DEFERRED: preserved blocked component or historical/hardware helper; not used by ready registry dashboard path
helm/oran-oai/cu/values.yaml	32	DOCUMENTATION	external-radio/IMS/RIC	RETAINED: canonical default, test fixture or historical documentation
helm/oran-oai/cu/values.yaml	2,28	LEGACY-DORMANT	deployment-identities	DEFERRED: preserved blocked component or historical/hardware helper; not used by ready registry dashboard path
helm/oran-oai/cu/values.yaml	35	LEGACY-DORMANT	external-radio/IMS/RIC	DEFERRED: preserved blocked component or historical/hardware helper; not used by ready registry dashboard path
helm/oran-oai/cu/values.yaml	18	LEGACY-DORMANT	interface	DEFERRED: preserved blocked component or historical/hardware helper; not used by ready registry dashboard path
helm/oran-oai/cu/values.yaml	12	LEGACY-DORMANT	network-address	DEFERRED: preserved blocked component or historical/hardware helper; not used by ready registry dashboard path
helm/oran-oai/du/Chart.yaml	2	LEGACY-DORMANT	deployment-identities	DEFERRED: preserved blocked component or historical/hardware helper; not used by ready registry dashboard path
helm/oran-oai/du/templates/du.yaml	4,9,12,14,16,197,199,207,211,228,234,236,240,251,254	LEGACY-DORMANT	deployment-identities	DEFERRED: preserved blocked component or historical/hardware helper; not used by ready registry dashboard path
helm/oran-oai/du/templates/du.yaml	189	LEGACY-DORMANT	external-radio/IMS/RIC	DEFERRED: preserved blocked component or historical/hardware helper; not used by ready registry dashboard path
helm/oran-oai/du/templates/du.yaml	244	LEGACY-DORMANT	resource/profile	DEFERRED: preserved blocked component or historical/hardware helper; not used by ready registry dashboard path
helm/oran-oai/du/values.yaml	2,12	LEGACY-DORMANT	deployment-identities	DEFERRED: preserved blocked component or historical/hardware helper; not used by ready registry dashboard path
helm/oran-oai/du/values.yaml	31	LEGACY-DORMANT	external-radio/IMS/RIC	DEFERRED: preserved blocked component or historical/hardware helper; not used by ready registry dashboard path
helm/oran-oai/du/values.yaml	16	LEGACY-DORMANT	interface	DEFERRED: preserved blocked component or historical/hardware helper; not used by ready registry dashboard path
helm/srsran-oran/cu/Chart.yaml	2	LEGACY-DORMANT	deployment-identities	DEFERRED: preserved blocked component or historical/hardware helper; not used by ready registry dashboard path
helm/srsran-oran/cu/templates/cu.yaml	4,35,37,44,48,65,71,74	LEGACY-DORMANT	deployment-identities	DEFERRED: preserved blocked component or historical/hardware helper; not used by ready registry dashboard path
helm/srsran-oran/cu/templates/cu.yaml	17,20	LEGACY-DORMANT	external-radio/IMS/RIC	DEFERRED: preserved blocked component or historical/hardware helper; not used by ready registry dashboard path
helm/srsran-oran/du/Chart.yaml	2	LEGACY-DORMANT	deployment-identities	DEFERRED: preserved blocked component or historical/hardware helper; not used by ready registry dashboard path
helm/srsran-oran/du/templates/du.yaml	4,9,42,44,51,55,72,78,81	LEGACY-DORMANT	deployment-identities	DEFERRED: preserved blocked component or historical/hardware helper; not used by ready registry dashboard path
helm/srsran-oran/du/templates/du.yaml	17	LEGACY-DORMANT	external-radio/IMS/RIC	DEFERRED: preserved blocked component or historical/hardware helper; not used by ready registry dashboard path
helm/srsran-oran/du/templates/du.yaml	31	LEGACY-DORMANT	network-address	DEFERRED: preserved blocked component or historical/hardware helper; not used by ready registry dashboard path
helm/srsran/templates/gnb.yaml	4,772,774,780,784,813,819,822	LEGACY-DORMANT	deployment-identities	DEFERRED: preserved blocked component or historical/hardware helper; not used by ready registry dashboard path
helm/srsran/templates/gnb.yaml	33	LEGACY-DORMANT	external-radio/IMS/RIC	DEFERRED: preserved blocked component or historical/hardware helper; not used by ready registry dashboard path
helm/srsran/templates/gnb.yaml	43	LEGACY-DORMANT	network-address	DEFERRED: preserved blocked component or historical/hardware helper; not used by ready registry dashboard path
helm/srsran/values.yaml	16	LEGACY-DORMANT	interface	DEFERRED: preserved blocked component or historical/hardware helper; not used by ready registry dashboard path
helm/ueransim/Chart.yaml	4	LEGACY-DORMANT	endpoint	DEFERRED: preserved blocked component or historical/hardware helper; not used by ready registry dashboard path
helm/ueransim/README.md	6-9,132,155,158	DOCUMENTATION	endpoint	RETAINED: canonical default, test fixture or historical documentation
helm/ueransim/README.md	3,38	DOCUMENTATION	endpoint,resource/profile	RETAINED: canonical default, test fixture or historical documentation
helm/ueransim/README.md	61,85,92,94,101,103,127-130	DOCUMENTATION	network-address	RETAINED: canonical default, test fixture or historical documentation
helm/ueransim/README.md	17-18,23,28,32,40,52,83	DOCUMENTATION	resource/profile	RETAINED: canonical default, test fixture or historical documentation
helm/ueransim/templates/NOTES.txt	7,14	DOCUMENTATION	endpoint	RETAINED: canonical default, test fixture or historical documentation
helm/ueransim/templates/NOTES.txt	18,23,26-27,30-32	LEGACY-DORMANT	resource/profile	DEFERRED: preserved blocked component or historical/hardware helper; not used by ready registry dashboard path
helm/ueransim/templates/_helpers.tpl	7	DOCUMENTATION	endpoint	RETAINED: canonical default, test fixture or historical documentation
helm/ueransim/templates/_helpers.tpl	25	LEGACY-DORMANT	resource/profile	DEFERRED: preserved blocked component or historical/hardware helper; not used by ready registry dashboard path
helm/ueransim/templates/gnb/gnb-configmap.yaml	27,30	LEGACY-DORMANT	network-address	DEFERRED: preserved blocked component or historical/hardware helper; not used by ready registry dashboard path
helm/ueransim/templates/gnb/gnb-deployment.yaml	18,42,48	LEGACY-DORMANT	resource/profile	DEFERRED: preserved blocked component or historical/hardware helper; not used by ready registry dashboard path
helm/ueransim/templates/gnb/gnb-n2-nad.yaml	7	DOCUMENTATION	endpoint	RETAINED: canonical default, test fixture or historical documentation
helm/ueransim/templates/gnb/gnb-n2-nad.yaml	36	LEGACY-DORMANT	network-address	DEFERRED: preserved blocked component or historical/hardware helper; not used by ready registry dashboard path
helm/ueransim/templates/gnb/gnb-n2-nad.yaml	17	LEGACY-DORMANT	resource/profile	DEFERRED: preserved blocked component or historical/hardware helper; not used by ready registry dashboard path
helm/ueransim/templates/gnb/gnb-n3-nad.yaml	7	DOCUMENTATION	endpoint	RETAINED: canonical default, test fixture or historical documentation
helm/ueransim/templates/gnb/gnb-n3-nad.yaml	36	LEGACY-DORMANT	network-address	DEFERRED: preserved blocked component or historical/hardware helper; not used by ready registry dashboard path
helm/ueransim/templates/gnb/gnb-n3-nad.yaml	17	LEGACY-DORMANT	resource/profile	DEFERRED: preserved blocked component or historical/hardware helper; not used by ready registry dashboard path
helm/ueransim/templates/tests/connectivity-test.yaml	17,24,38,43-44,47,60,83,89	LEGACY-DORMANT	resource/profile	DEFERRED: preserved blocked component or historical/hardware helper; not used by ready registry dashboard path
helm/ueransim/templates/ue/ue-deployment.yaml	18	LEGACY-DORMANT	resource/profile	DEFERRED: preserved blocked component or historical/hardware helper; not used by ready registry dashboard path
helm/ueransim/values.yaml	23,32	LEGACY-DORMANT	interface	DEFERRED: preserved blocked component or historical/hardware helper; not used by ready registry dashboard path
helm/ueransim/values.yaml	24,26-27,33,35-36	LEGACY-DORMANT	network-address	DEFERRED: preserved blocked component or historical/hardware helper; not used by ready registry dashboard path
install.sh	82	ACTIVE	credential-setting	FIXED: shared contract/state/discovery, or canonical upstream URL/component identity retained
install.sh	46,56,71-72,84,89-90,99-100,126-127,129,132,134-136,140	ACTIVE	deployment-identities	FIXED: shared contract/state/discovery, or canonical upstream URL/component identity retained
install.sh	18,36,50-51,65,76,81,94,130,175,190-191	ACTIVE	endpoint	FIXED: shared contract/state/discovery, or canonical upstream URL/component identity retained
install.sh	27-28	ACTIVE	network-address	FIXED: shared contract/state/discovery, or canonical upstream URL/component identity retained
install.sh	96,101,133	ACTIVE	resource/profile	FIXED: shared contract/state/discovery, or canonical upstream URL/component identity retained
install.sh	54,78,80	ACTIVE	resource/profile,deployment-identities	FIXED: shared contract/state/discovery, or canonical upstream URL/component identity retained
layer3-autonomous/layer3-watcher.service	9-10	ACTIVE	endpoint	FIXED: shared contract/state/discovery, or canonical upstream URL/component identity retained
layer3-autonomous/watcher.py	20	ACTIVE	deployment-identities	FIXED: shared contract/state/discovery, or canonical upstream URL/component identity retained
layer3-autonomous/watcher.py	14-15	ACTIVE	endpoint	FIXED: shared contract/state/discovery, or canonical upstream URL/component identity retained
layer3-autonomous/watcher.py	26	ACTIVE	reference-path	FIXED: shared contract/state/discovery, or canonical upstream URL/component identity retained
monitoring/README.md	4	DOCUMENTATION	deployment-identities	RETAINED: canonical default, test fixture or historical documentation
monitoring/README.md	10,55	DOCUMENTATION	network-address,endpoint	RETAINED: canonical default, test fixture or historical documentation
monitoring/grafana-ingress.yaml	11	ACTIVE	network-address,endpoint	FIXED: shared contract/state/discovery, or canonical upstream URL/component identity retained
monitoring/grafana-ingress.yaml	18	PROFILE DEFAULT	deployment-identities	RETAINED: canonical default, test fixture or historical documentation
monitoring/grafana-ingress.yaml	5	PROFILE DEFAULT	resource/profile	RETAINED: canonical default, test fixture or historical documentation
monitoring/kube-prometheus-stack-values.yaml	2	ACTIVE	credential-setting	FIXED: shared contract/state/discovery, or canonical upstream URL/component identity retained
monitoring/latency-probe/deployment.yaml	5,55	ACTIVE	uuid,resource/profile	FIXED: shared contract/state/discovery, or canonical upstream URL/component identity retained
monitoring/latency-probe/podmonitor.yaml	7	PROFILE DEFAULT	deployment-identities	RETAINED: canonical default, test fixture or historical documentation
monitoring/latency-probe/podmonitor.yaml	5	PROFILE DEFAULT	resource/profile	RETAINED: canonical default, test fixture or historical documentation
monitoring/open5gs-podmonitor.yaml	7	PROFILE DEFAULT	deployment-identities	RETAINED: canonical default, test fixture or historical documentation
monitoring/open5gs-podmonitor.yaml	5	PROFILE DEFAULT	resource/profile	RETAINED: canonical default, test fixture or historical documentation
monitoring/prometheus-nodeport.yaml	4,10	PROFILE DEFAULT	deployment-identities	RETAINED: canonical default, test fixture or historical documentation
monitoring/prometheus-nodeport.yaml	5,14	PROFILE DEFAULT	resource/profile	RETAINED: canonical default, test fixture or historical documentation
monitoring/ran-exporter/README.md	22,29-34	DOCUMENTATION	deployment-identities	RETAINED: canonical default, test fixture or historical documentation
monitoring/ran-exporter/README.md	23	DOCUMENTATION	resource/profile	RETAINED: canonical default, test fixture or historical documentation
monitoring/ran-exporter/deployment.yaml	5,54	ACTIVE	uuid,resource/profile	FIXED: shared contract/state/discovery, or canonical upstream URL/component identity retained
monitoring/ran-exporter/deployment.yaml	31	PROFILE DEFAULT	deployment-identities	RETAINED: canonical default, test fixture or historical documentation
monitoring/ran-exporter/deployment.yaml	29	PROFILE DEFAULT	resource/profile	RETAINED: canonical default, test fixture or historical documentation
monitoring/ran-exporter/podmonitor.yaml	7	PROFILE DEFAULT	deployment-identities	RETAINED: canonical default, test fixture or historical documentation
monitoring/ran-exporter/podmonitor.yaml	5	PROFILE DEFAULT	resource/profile	RETAINED: canonical default, test fixture or historical documentation
monitoring/ran-exporter/ran_exporter.py	15,19-34	PROFILE DEFAULT	deployment-identities	RETAINED: canonical default, test fixture or historical documentation
monitoring/ran-exporter/ran_exporter.py	116	PROFILE DEFAULT	resource/profile	RETAINED: canonical default, test fixture or historical documentation
monitoring/ran-exporter/rbac.yaml	5,11,21,25	ACTIVE	uuid,resource/profile	FIXED: shared contract/state/discovery, or canonical upstream URL/component identity retained
osm-packages/cloudran_oai_knf/helm-chart-v3s/cloud-ran-oai/templates/gnb.yaml	12-13,264,266,273,277,285,289,299	GENERATED-PACKAGE-REFERENCE	deployment-identities	DEFERRED: immutable legacy reference; not edited or rebuilt
osm-packages/cloudran_oai_knf/helm-chart-v3s/cloud-ran-oai/values.yaml	3	GENERATED-PACKAGE-REFERENCE	deployment-identities	DEFERRED: immutable legacy reference; not edited or rebuilt
osm-packages/cloudran_srsran_knf/helm-chart-v3s/cloud-ran-srsran/templates/gnb.yaml	772,774,780,784,825,828	GENERATED-PACKAGE-REFERENCE	deployment-identities	DEFERRED: immutable legacy reference; not edited or rebuilt
osm-packages/cloudran_srsran_knf/helm-chart-v3s/cloud-ran-srsran/templates/gnb.yaml	33	GENERATED-PACKAGE-REFERENCE	external-radio/IMS/RIC	DEFERRED: immutable legacy reference; not edited or rebuilt
osm-packages/cloudran_srsran_knf/helm-chart-v3s/cloud-ran-srsran/templates/gnb.yaml	43	GENERATED-PACKAGE-REFERENCE	network-address	DEFERRED: immutable legacy reference; not edited or rebuilt
osm-packages/cloudran_srsran_knf/helm-chart-v3s/cloud-ran-srsran/values.yaml	3	GENERATED-PACKAGE-REFERENCE	deployment-identities	DEFERRED: immutable legacy reference; not edited or rebuilt
osm-packages/cran_oai_knf/helm-chart-v3s/oai-cran/templates/gnb.yaml	12-13,264,266,273,277,285,289,292	GENERATED-PACKAGE-REFERENCE	deployment-identities	DEFERRED: immutable legacy reference; not edited or rebuilt
osm-packages/cran_oai_knf/helm-chart-v3s/oai-cran/values.yaml	3	GENERATED-PACKAGE-REFERENCE	deployment-identities	DEFERRED: immutable legacy reference; not edited or rebuilt
osm-packages/cran_srsran_knf/helm-chart-v3s/cu/Chart.yaml	2	GENERATED-PACKAGE-REFERENCE	deployment-identities	DEFERRED: immutable legacy reference; not edited or rebuilt
osm-packages/cran_srsran_knf/helm-chart-v3s/cu/templates/cu.yaml	4,35,37,44,48,67,73,76	GENERATED-PACKAGE-REFERENCE	deployment-identities	DEFERRED: immutable legacy reference; not edited or rebuilt
osm-packages/cran_srsran_knf/helm-chart-v3s/cu/templates/cu.yaml	17,20	GENERATED-PACKAGE-REFERENCE	external-radio/IMS/RIC	DEFERRED: immutable legacy reference; not edited or rebuilt
osm-packages/cran_srsran_knf/helm-chart-v3s/cu/values.yaml	2	GENERATED-PACKAGE-REFERENCE	deployment-identities	DEFERRED: immutable legacy reference; not edited or rebuilt
osm-packages/cran_srsran_knf/helm-chart-v3s/du/Chart.yaml	2	GENERATED-PACKAGE-REFERENCE	deployment-identities	DEFERRED: immutable legacy reference; not edited or rebuilt
osm-packages/cran_srsran_knf/helm-chart-v3s/du/templates/du.yaml	4,9,42,44,51,55,74,80,83	GENERATED-PACKAGE-REFERENCE	deployment-identities	DEFERRED: immutable legacy reference; not edited or rebuilt
osm-packages/cran_srsran_knf/helm-chart-v3s/du/templates/du.yaml	17	GENERATED-PACKAGE-REFERENCE	external-radio/IMS/RIC	DEFERRED: immutable legacy reference; not edited or rebuilt
osm-packages/cran_srsran_knf/helm-chart-v3s/du/templates/du.yaml	31	GENERATED-PACKAGE-REFERENCE	network-address	DEFERRED: immutable legacy reference; not edited or rebuilt
osm-packages/fran_knf/fran_knf_vnfd.yaml	2,13-14	GENERATED-PACKAGE-REFERENCE	deployment-identities	DEFERRED: immutable legacy reference; not edited or rebuilt
osm-packages/fran_knf/helm-chart-v3s/fran-edge/Chart.yaml	2	GENERATED-PACKAGE-REFERENCE	deployment-identities	DEFERRED: immutable legacy reference; not edited or rebuilt
osm-packages/fran_knf/helm-chart-v3s/fran-edge/Chart.yaml	8	GENERATED-PACKAGE-REFERENCE	network-address	DEFERRED: immutable legacy reference; not edited or rebuilt
osm-packages/fran_knf/helm-chart-v3s/fran-edge/templates/edge-app.yaml	4,16-17,21,24,41,46,49	GENERATED-PACKAGE-REFERENCE	deployment-identities	DEFERRED: immutable legacy reference; not edited or rebuilt
osm-packages/fran_knf/helm-chart-v3s/fran-edge/values.yaml	3	GENERATED-PACKAGE-REFERENCE	network-address	DEFERRED: immutable legacy reference; not edited or rebuilt
osm-packages/hcran_oai_knf/helm-chart-v3s/hcran-oai/templates/gnb.yaml	12-13,288,292,302	GENERATED-PACKAGE-REFERENCE	deployment-identities	DEFERRED: immutable legacy reference; not edited or rebuilt
osm-packages/hcran_oai_knf/helm-chart-v3s/hcran-oai/values-small.yaml	2	GENERATED-PACKAGE-REFERENCE	deployment-identities	DEFERRED: immutable legacy reference; not edited or rebuilt
osm-packages/hcran_oai_knf/helm-chart-v3s/hcran-oai/values.yaml	2,13	GENERATED-PACKAGE-REFERENCE	deployment-identities	DEFERRED: immutable legacy reference; not edited or rebuilt
osm-packages/hcran_srsran_knf/helm-chart-v3s/hcran-srsran/templates/gnb.yaml	33	GENERATED-PACKAGE-REFERENCE	external-radio/IMS/RIC	DEFERRED: immutable legacy reference; not edited or rebuilt
osm-packages/hcran_srsran_knf/helm-chart-v3s/hcran-srsran/templates/gnb.yaml	43	GENERATED-PACKAGE-REFERENCE	network-address	DEFERRED: immutable legacy reference; not edited or rebuilt
osm-packages/hcran_srsran_knf/helm-chart-v3s/hcran-srsran/values-small.yaml	2	GENERATED-PACKAGE-REFERENCE	deployment-identities	DEFERRED: immutable legacy reference; not edited or rebuilt
osm-packages/hcran_srsran_knf/helm-chart-v3s/hcran-srsran/values.yaml	3,25	GENERATED-PACKAGE-REFERENCE	deployment-identities	DEFERRED: immutable legacy reference; not edited or rebuilt
osm-packages/ims_knf/helm-chart-v3s/ims/templates/deployment.yaml	20	GENERATED-PACKAGE-REFERENCE	network-address	DEFERRED: immutable legacy reference; not edited or rebuilt
osm-packages/ims_knf/helm-chart-v3s/ims/templates/deployment.yaml	406,410,414,418,422,426,430	GENERATED-PACKAGE-REFERENCE	resource/profile	DEFERRED: immutable legacy reference; not edited or rebuilt
osm-packages/ims_knf/helm-chart-v3s/ims/templates/env-configmap.yaml	13	GENERATED-PACKAGE-REFERENCE	credential-setting	DEFERRED: immutable legacy reference; not edited or rebuilt
osm-packages/ims_knf/helm-chart-v3s/ims/templates/env-configmap.yaml	6-12,15-16,18,22-23,25-26,28-32,34-38,40,42,44-46,48-59,61-63,70-72,75,77	GENERATED-PACKAGE-REFERENCE	network-address	DEFERRED: immutable legacy reference; not edited or rebuilt
osm-packages/ims_knf/helm-chart-v3s/ims/templates/env-configmap.yaml	20,24,60	GENERATED-PACKAGE-REFERENCE	resource/profile	DEFERRED: immutable legacy reference; not edited or rebuilt
osm-packages/ims_knf/helm-chart-v3s/ims/templates/service.yaml	8	GENERATED-PACKAGE-REFERENCE	resource/profile	DEFERRED: immutable legacy reference; not edited or rebuilt
osm-packages/ims_knf/helm-chart-v3s/ims/values.yaml	3	GENERATED-PACKAGE-REFERENCE	network-address	DEFERRED: immutable legacy reference; not edited or rebuilt
osm-packages/ims_knf/helm-chart-v3s/ims/values.yaml	1-2	GENERATED-PACKAGE-REFERENCE	reference-path,external-radio/IMS/RIC	DEFERRED: immutable legacy reference; not edited or rebuilt
osm-packages/open5gs_knf/helm-chart-v3s/open5gs/Chart.lock	3,6	GENERATED-PACKAGE-REFERENCE	endpoint	DEFERRED: immutable legacy reference; not edited or rebuilt
osm-packages/open5gs_knf/helm-chart-v3s/open5gs/Chart.yaml	7,13,101-102,113	GENERATED-PACKAGE-REFERENCE	endpoint	DEFERRED: immutable legacy reference; not edited or rebuilt
osm-packages/open5gs_knf/helm-chart-v3s/open5gs/README.md	3,7,17,40-41,97	GENERATED-PACKAGE-REFERENCE	endpoint	DEFERRED: immutable legacy reference; not edited or rebuilt
osm-packages/open5gs_knf/helm-chart-v3s/open5gs/charts/common/Chart.yaml	7-8,17,20-21	GENERATED-PACKAGE-REFERENCE	endpoint	DEFERRED: immutable legacy reference; not edited or rebuilt
osm-packages/open5gs_knf/helm-chart-v3s/open5gs/charts/common/README.md	250,268,285	GENERATED-PACKAGE-REFERENCE	credential-setting	DEFERRED: immutable legacy reference; not edited or rebuilt
osm-packages/open5gs_knf/helm-chart-v3s/open5gs/charts/common/README.md	3,11,29,31,86,316,320-321,328,332-334,344	GENERATED-PACKAGE-REFERENCE	endpoint	DEFERRED: immutable legacy reference; not edited or rebuilt
osm-packages/open5gs_knf/helm-chart-v3s/open5gs/charts/common/README.md	22,103-105,263,265,305,309	GENERATED-PACKAGE-REFERENCE	resource/profile	DEFERRED: immutable legacy reference; not edited or rebuilt
osm-packages/open5gs_knf/helm-chart-v3s/open5gs/charts/common/templates/_affinities.tpl	66,88	GENERATED-PACKAGE-REFERENCE	resource/profile	DEFERRED: immutable legacy reference; not edited or rebuilt
osm-packages/open5gs_knf/helm-chart-v3s/open5gs/charts/common/templates/_errors.tpl	19	GENERATED-PACKAGE-REFERENCE	endpoint	DEFERRED: immutable legacy reference; not edited or rebuilt
osm-packages/open5gs_knf/helm-chart-v3s/open5gs/charts/common/templates/_ingress.tpl	60	GENERATED-PACKAGE-REFERENCE	endpoint	DEFERRED: immutable legacy reference; not edited or rebuilt
osm-packages/open5gs_knf/helm-chart-v3s/open5gs/charts/common/templates/_names.tpl	21,39,41,55,57,66,68-69	GENERATED-PACKAGE-REFERENCE	resource/profile	DEFERRED: immutable legacy reference; not edited or rebuilt
osm-packages/open5gs_knf/helm-chart-v3s/open5gs/charts/common/templates/_secrets.tpl	76,87,96,101,108,115-117,119	GENERATED-PACKAGE-REFERENCE	credential-setting	DEFERRED: immutable legacy reference; not edited or rebuilt
osm-packages/open5gs_knf/helm-chart-v3s/open5gs/charts/common/templates/_secrets.tpl	11,44	GENERATED-PACKAGE-REFERENCE	endpoint	DEFERRED: immutable legacy reference; not edited or rebuilt
osm-packages/open5gs_knf/helm-chart-v3s/open5gs/charts/common/templates/_secrets.tpl	16	GENERATED-PACKAGE-REFERENCE	resource/profile	DEFERRED: immutable legacy reference; not edited or rebuilt
osm-packages/open5gs_knf/helm-chart-v3s/open5gs/charts/common/templates/_utils.tpl	9	GENERATED-PACKAGE-REFERENCE	resource/profile	DEFERRED: immutable legacy reference; not edited or rebuilt
osm-packages/open5gs_knf/helm-chart-v3s/open5gs/charts/common/templates/_warnings.tpl	11	GENERATED-PACKAGE-REFERENCE	endpoint	DEFERRED: immutable legacy reference; not edited or rebuilt
osm-packages/open5gs_knf/helm-chart-v3s/open5gs/charts/common/templates/validations/_cassandra.tpl	15,20	GENERATED-PACKAGE-REFERENCE	credential-setting	DEFERRED: immutable legacy reference; not edited or rebuilt
osm-packages/open5gs_knf/helm-chart-v3s/open5gs/charts/common/templates/validations/_mariadb.tpl	16,18-19,24,29,34	GENERATED-PACKAGE-REFERENCE	credential-setting	DEFERRED: immutable legacy reference; not edited or rebuilt
osm-packages/open5gs_knf/helm-chart-v3s/open5gs/charts/common/templates/validations/_mongodb.tpl	16,19,28,34	GENERATED-PACKAGE-REFERENCE	credential-setting	DEFERRED: immutable legacy reference; not edited or rebuilt
osm-packages/open5gs_knf/helm-chart-v3s/open5gs/charts/common/templates/validations/_mysql.tpl	16,18-19,24,29,34	GENERATED-PACKAGE-REFERENCE	credential-setting	DEFERRED: immutable legacy reference; not edited or rebuilt
osm-packages/open5gs_knf/helm-chart-v3s/open5gs/charts/common/templates/validations/_postgresql.tpl	14,18,23	GENERATED-PACKAGE-REFERENCE	credential-setting	DEFERRED: immutable legacy reference; not edited or rebuilt
osm-packages/open5gs_knf/helm-chart-v3s/open5gs/charts/common/templates/validations/_redis.tpl	20,28	GENERATED-PACKAGE-REFERENCE	credential-setting	DEFERRED: immutable legacy reference; not edited or rebuilt
osm-packages/open5gs_knf/helm-chart-v3s/open5gs/charts/mongodb/Chart.lock	3	GENERATED-PACKAGE-REFERENCE	endpoint	DEFERRED: immutable legacy reference; not edited or rebuilt
osm-packages/open5gs_knf/helm-chart-v3s/open5gs/charts/mongodb/Chart.yaml	7,14-15,25,28-29	GENERATED-PACKAGE-REFERENCE	endpoint	DEFERRED: immutable legacy reference; not edited or rebuilt
osm-packages/open5gs_knf/helm-chart-v3s/open5gs/charts/mongodb/README.md	555,650	GENERATED-PACKAGE-REFERENCE	credential-setting	DEFERRED: immutable legacy reference; not edited or rebuilt
osm-packages/open5gs_knf/helm-chart-v3s/open5gs/charts/mongodb/README.md	7,14,20,22,61,573,581,595,613,617,619,621,627,633,637,639,643,676,680,682,688-689,695,723,738,776	GENERATED-PACKAGE-REFERENCE	endpoint	DEFERRED: immutable legacy reference; not edited or rebuilt
osm-packages/open5gs_knf/helm-chart-v3s/open5gs/charts/mongodb/README.md	72,79-81,231,536,547,663,746,758	GENERATED-PACKAGE-REFERENCE	resource/profile	DEFERRED: immutable legacy reference; not edited or rebuilt
osm-packages/open5gs_knf/helm-chart-v3s/open5gs/charts/mongodb/charts/common/Chart.yaml	7-8,17,20-21	GENERATED-PACKAGE-REFERENCE	endpoint	DEFERRED: immutable legacy reference; not edited or rebuilt
osm-packages/open5gs_knf/helm-chart-v3s/open5gs/charts/mongodb/charts/common/README.md	250,268,285	GENERATED-PACKAGE-REFERENCE	credential-setting	DEFERRED: immutable legacy reference; not edited or rebuilt
osm-packages/open5gs_knf/helm-chart-v3s/open5gs/charts/mongodb/charts/common/README.md	3,11,29,31,86,316,320-321,328,332-334,344	GENERATED-PACKAGE-REFERENCE	endpoint	DEFERRED: immutable legacy reference; not edited or rebuilt
osm-packages/open5gs_knf/helm-chart-v3s/open5gs/charts/mongodb/charts/common/README.md	22,103-105,263,265,305,309	GENERATED-PACKAGE-REFERENCE	resource/profile	DEFERRED: immutable legacy reference; not edited or rebuilt
osm-packages/open5gs_knf/helm-chart-v3s/open5gs/charts/mongodb/charts/common/templates/_affinities.tpl	66,88	GENERATED-PACKAGE-REFERENCE	resource/profile	DEFERRED: immutable legacy reference; not edited or rebuilt
osm-packages/open5gs_knf/helm-chart-v3s/open5gs/charts/mongodb/charts/common/templates/_errors.tpl	19	GENERATED-PACKAGE-REFERENCE	endpoint	DEFERRED: immutable legacy reference; not edited or rebuilt
osm-packages/open5gs_knf/helm-chart-v3s/open5gs/charts/mongodb/charts/common/templates/_ingress.tpl	60	GENERATED-PACKAGE-REFERENCE	endpoint	DEFERRED: immutable legacy reference; not edited or rebuilt
osm-packages/open5gs_knf/helm-chart-v3s/open5gs/charts/mongodb/charts/common/templates/_names.tpl	21,39,41,55,57,66,68-69	GENERATED-PACKAGE-REFERENCE	resource/profile	DEFERRED: immutable legacy reference; not edited or rebuilt
osm-packages/open5gs_knf/helm-chart-v3s/open5gs/charts/mongodb/charts/common/templates/_secrets.tpl	76,87,96,101,108,115-117,119	GENERATED-PACKAGE-REFERENCE	credential-setting	DEFERRED: immutable legacy reference; not edited or rebuilt
osm-packages/open5gs_knf/helm-chart-v3s/open5gs/charts/mongodb/charts/common/templates/_secrets.tpl	11,44	GENERATED-PACKAGE-REFERENCE	endpoint	DEFERRED: immutable legacy reference; not edited or rebuilt
osm-packages/open5gs_knf/helm-chart-v3s/open5gs/charts/mongodb/charts/common/templates/_secrets.tpl	16	GENERATED-PACKAGE-REFERENCE	resource/profile	DEFERRED: immutable legacy reference; not edited or rebuilt
osm-packages/open5gs_knf/helm-chart-v3s/open5gs/charts/mongodb/charts/common/templates/_utils.tpl	9	GENERATED-PACKAGE-REFERENCE	resource/profile	DEFERRED: immutable legacy reference; not edited or rebuilt
osm-packages/open5gs_knf/helm-chart-v3s/open5gs/charts/mongodb/charts/common/templates/_warnings.tpl	11	GENERATED-PACKAGE-REFERENCE	endpoint	DEFERRED: immutable legacy reference; not edited or rebuilt
osm-packages/open5gs_knf/helm-chart-v3s/open5gs/charts/mongodb/charts/common/templates/validations/_cassandra.tpl	15,20	GENERATED-PACKAGE-REFERENCE	credential-setting	DEFERRED: immutable legacy reference; not edited or rebuilt
osm-packages/open5gs_knf/helm-chart-v3s/open5gs/charts/mongodb/charts/common/templates/validations/_mariadb.tpl	16,18-19,24,29,34	GENERATED-PACKAGE-REFERENCE	credential-setting	DEFERRED: immutable legacy reference; not edited or rebuilt
osm-packages/open5gs_knf/helm-chart-v3s/open5gs/charts/mongodb/charts/common/templates/validations/_mongodb.tpl	16,19,28,34	GENERATED-PACKAGE-REFERENCE	credential-setting	DEFERRED: immutable legacy reference; not edited or rebuilt
osm-packages/open5gs_knf/helm-chart-v3s/open5gs/charts/mongodb/charts/common/templates/validations/_mysql.tpl	16,18-19,24,29,34	GENERATED-PACKAGE-REFERENCE	credential-setting	DEFERRED: immutable legacy reference; not edited or rebuilt
osm-packages/open5gs_knf/helm-chart-v3s/open5gs/charts/mongodb/charts/common/templates/validations/_postgresql.tpl	14,18,23	GENERATED-PACKAGE-REFERENCE	credential-setting	DEFERRED: immutable legacy reference; not edited or rebuilt
osm-packages/open5gs_knf/helm-chart-v3s/open5gs/charts/mongodb/charts/common/templates/validations/_redis.tpl	20,28	GENERATED-PACKAGE-REFERENCE	credential-setting	DEFERRED: immutable legacy reference; not edited or rebuilt
osm-packages/open5gs_knf/helm-chart-v3s/open5gs/charts/mongodb/templates/NOTES.txt	180	GENERATED-PACKAGE-REFERENCE	network-address	DEFERRED: immutable legacy reference; not edited or rebuilt
osm-packages/open5gs_knf/helm-chart-v3s/open5gs/charts/mongodb/templates/NOTES.txt	191	GENERATED-PACKAGE-REFERENCE	network-address,endpoint	DEFERRED: immutable legacy reference; not edited or rebuilt
osm-packages/open5gs_knf/helm-chart-v3s/open5gs/charts/mongodb/templates/NOTES.txt	13,17,27-28,33,48,53,58,89,122,144,149,153,165-166,172,174,179,190	GENERATED-PACKAGE-REFERENCE	resource/profile	DEFERRED: immutable legacy reference; not edited or rebuilt
osm-packages/open5gs_knf/helm-chart-v3s/open5gs/charts/mongodb/templates/NOTES.txt	97,108,115	GENERATED-PACKAGE-REFERENCE	resource/profile,credential-setting	DEFERRED: immutable legacy reference; not edited or rebuilt
osm-packages/open5gs_knf/helm-chart-v3s/open5gs/charts/mongodb/templates/_helpers.tpl	14-15,25,36,83,85,92-94,96,99-101,103,109,114,169,190,211,232,262,430	GENERATED-PACKAGE-REFERENCE	resource/profile	DEFERRED: immutable legacy reference; not edited or rebuilt
osm-packages/open5gs_knf/helm-chart-v3s/open5gs/charts/mongodb/templates/arbiter/configmap.yaml	5-6	GENERATED-PACKAGE-REFERENCE	resource/profile	DEFERRED: immutable legacy reference; not edited or rebuilt
osm-packages/open5gs_knf/helm-chart-v3s/open5gs/charts/mongodb/templates/arbiter/headless-svc.yaml	6,23	GENERATED-PACKAGE-REFERENCE	resource/profile	DEFERRED: immutable legacy reference; not edited or rebuilt
osm-packages/open5gs_knf/helm-chart-v3s/open5gs/charts/mongodb/templates/arbiter/pdb.yaml	5-6	GENERATED-PACKAGE-REFERENCE	resource/profile	DEFERRED: immutable legacy reference; not edited or rebuilt
osm-packages/open5gs_knf/helm-chart-v3s/open5gs/charts/mongodb/templates/arbiter/statefulset.yaml	5-6,99,146,152,252	GENERATED-PACKAGE-REFERENCE	resource/profile	DEFERRED: immutable legacy reference; not edited or rebuilt
osm-packages/open5gs_knf/helm-chart-v3s/open5gs/charts/mongodb/templates/common-scripts-cm.yaml	75	GENERATED-PACKAGE-REFERENCE	network-address	DEFERRED: immutable legacy reference; not edited or rebuilt
osm-packages/open5gs_knf/helm-chart-v3s/open5gs/charts/mongodb/templates/common-scripts-cm.yaml	4-5	GENERATED-PACKAGE-REFERENCE	resource/profile	DEFERRED: immutable legacy reference; not edited or rebuilt
osm-packages/open5gs_knf/helm-chart-v3s/open5gs/charts/mongodb/templates/configmap.yaml	5-6	GENERATED-PACKAGE-REFERENCE	resource/profile	DEFERRED: immutable legacy reference; not edited or rebuilt
osm-packages/open5gs_knf/helm-chart-v3s/open5gs/charts/mongodb/templates/hidden/configmap.yaml	5-6	GENERATED-PACKAGE-REFERENCE	resource/profile	DEFERRED: immutable legacy reference; not edited or rebuilt
osm-packages/open5gs_knf/helm-chart-v3s/open5gs/charts/mongodb/templates/hidden/external-access-svc.yaml	2,13,53-54,56	GENERATED-PACKAGE-REFERENCE	resource/profile	DEFERRED: immutable legacy reference; not edited or rebuilt
osm-packages/open5gs_knf/helm-chart-v3s/open5gs/charts/mongodb/templates/hidden/headless-svc.yaml	5-6,23	GENERATED-PACKAGE-REFERENCE	resource/profile	DEFERRED: immutable legacy reference; not edited or rebuilt
osm-packages/open5gs_knf/helm-chart-v3s/open5gs/charts/mongodb/templates/hidden/pdb.yaml	5-6	GENERATED-PACKAGE-REFERENCE	resource/profile	DEFERRED: immutable legacy reference; not edited or rebuilt
osm-packages/open5gs_knf/helm-chart-v3s/open5gs/charts/mongodb/templates/hidden/statefulset.yaml	8-9,22,122,137,213,217,221,461,479	GENERATED-PACKAGE-REFERENCE	resource/profile	DEFERRED: immutable legacy reference; not edited or rebuilt
osm-packages/open5gs_knf/helm-chart-v3s/open5gs/charts/mongodb/templates/initialization-configmap.yaml	5-6	GENERATED-PACKAGE-REFERENCE	resource/profile	DEFERRED: immutable legacy reference; not edited or rebuilt
osm-packages/open5gs_knf/helm-chart-v3s/open5gs/charts/mongodb/templates/metrics-svc.yaml	5-6	GENERATED-PACKAGE-REFERENCE	resource/profile	DEFERRED: immutable legacy reference; not edited or rebuilt
osm-packages/open5gs_knf/helm-chart-v3s/open5gs/charts/mongodb/templates/prometheusrule.yaml	5-6,16	GENERATED-PACKAGE-REFERENCE	resource/profile	DEFERRED: immutable legacy reference; not edited or rebuilt
osm-packages/open5gs_knf/helm-chart-v3s/open5gs/charts/mongodb/templates/psp.yaml	6-7	GENERATED-PACKAGE-REFERENCE	resource/profile	DEFERRED: immutable legacy reference; not edited or rebuilt
osm-packages/open5gs_knf/helm-chart-v3s/open5gs/charts/mongodb/templates/replicaset/external-access-svc.yaml	2,13,53-54,56	GENERATED-PACKAGE-REFERENCE	resource/profile	DEFERRED: immutable legacy reference; not edited or rebuilt
osm-packages/open5gs_knf/helm-chart-v3s/open5gs/charts/mongodb/templates/replicaset/headless-svc.yaml	6,23	GENERATED-PACKAGE-REFERENCE	resource/profile	DEFERRED: immutable legacy reference; not edited or rebuilt
osm-packages/open5gs_knf/helm-chart-v3s/open5gs/charts/mongodb/templates/replicaset/pdb.yaml	5-6	GENERATED-PACKAGE-REFERENCE	resource/profile	DEFERRED: immutable legacy reference; not edited or rebuilt
osm-packages/open5gs_knf/helm-chart-v3s/open5gs/charts/mongodb/templates/replicaset/scripts-configmap.yaml	144-145,192,194,218,220	GENERATED-PACKAGE-REFERENCE	credential-setting	DEFERRED: immutable legacy reference; not edited or rebuilt
osm-packages/open5gs_knf/helm-chart-v3s/open5gs/charts/mongodb/templates/replicaset/scripts-configmap.yaml	5-6,16-17,39,41-42,51,53,73,77,109-110,115,133,166,170	GENERATED-PACKAGE-REFERENCE	resource/profile	DEFERRED: immutable legacy reference; not edited or rebuilt
osm-packages/open5gs_knf/helm-chart-v3s/open5gs/charts/mongodb/templates/replicaset/statefulset.yaml	8-9,128,215,223,468,486	GENERATED-PACKAGE-REFERENCE	resource/profile	DEFERRED: immutable legacy reference; not edited or rebuilt
osm-packages/open5gs_knf/helm-chart-v3s/open5gs/charts/mongodb/templates/replicaset/svc.yaml	3,14	GENERATED-PACKAGE-REFERENCE	resource/profile	DEFERRED: immutable legacy reference; not edited or rebuilt
osm-packages/open5gs_knf/helm-chart-v3s/open5gs/charts/mongodb/templates/role.yaml	5-6,28	GENERATED-PACKAGE-REFERENCE	resource/profile	DEFERRED: immutable legacy reference; not edited or rebuilt
osm-packages/open5gs_knf/helm-chart-v3s/open5gs/charts/mongodb/templates/rolebinding.yaml	5-6,13,18	GENERATED-PACKAGE-REFERENCE	resource/profile	DEFERRED: immutable legacy reference; not edited or rebuilt
osm-packages/open5gs_knf/helm-chart-v3s/open5gs/charts/mongodb/templates/secrets-ca.yaml	2,5,10	GENERATED-PACKAGE-REFERENCE	resource/profile	DEFERRED: immutable legacy reference; not edited or rebuilt
osm-packages/open5gs_knf/helm-chart-v3s/open5gs/charts/mongodb/templates/secrets.yaml	5-6,33,39	GENERATED-PACKAGE-REFERENCE	resource/profile	DEFERRED: immutable legacy reference; not edited or rebuilt
osm-packages/open5gs_knf/helm-chart-v3s/open5gs/charts/mongodb/templates/secrets.yaml	17,36	GENERATED-PACKAGE-REFERENCE	resource/profile,credential-setting	DEFERRED: immutable legacy reference; not edited or rebuilt
osm-packages/open5gs_knf/helm-chart-v3s/open5gs/charts/mongodb/templates/serviceaccount.yaml	6,21	GENERATED-PACKAGE-REFERENCE	resource/profile	DEFERRED: immutable legacy reference; not edited or rebuilt
osm-packages/open5gs_knf/helm-chart-v3s/open5gs/charts/mongodb/templates/servicemonitor.yaml	5-6,47	GENERATED-PACKAGE-REFERENCE	resource/profile	DEFERRED: immutable legacy reference; not edited or rebuilt
osm-packages/open5gs_knf/helm-chart-v3s/open5gs/charts/mongodb/templates/standalone/dep-sts.yaml	5-6,27,134,409,453	GENERATED-PACKAGE-REFERENCE	resource/profile	DEFERRED: immutable legacy reference; not edited or rebuilt
osm-packages/open5gs_knf/helm-chart-v3s/open5gs/charts/mongodb/templates/standalone/pvc.yaml	5-6	GENERATED-PACKAGE-REFERENCE	resource/profile	DEFERRED: immutable legacy reference; not edited or rebuilt
osm-packages/open5gs_knf/helm-chart-v3s/open5gs/charts/mongodb/templates/standalone/svc.yaml	5-6,23-24,49,51	GENERATED-PACKAGE-REFERENCE	resource/profile	DEFERRED: immutable legacy reference; not edited or rebuilt
osm-packages/open5gs_knf/helm-chart-v3s/open5gs/charts/mongodb/values.schema.json	2	GENERATED-PACKAGE-REFERENCE	endpoint	DEFERRED: immutable legacy reference; not edited or rebuilt
osm-packages/open5gs_knf/helm-chart-v3s/open5gs/charts/mongodb/values.yaml	148,162,1844	GENERATED-PACKAGE-REFERENCE	credential-setting	DEFERRED: immutable legacy reference; not edited or rebuilt
osm-packages/open5gs_knf/helm-chart-v3s/open5gs/charts/mongodb/values.yaml	97,110,115,126,139,146,150,203,220,242,255,259,263,270,274,278,322,391-392,407,411,415,434,439,443,447,457,461,465,469,473,489,499,524,540,557,637,670,680,684,688,698,703,727,740,744,751,794,801,825,862,869,893,907,955,960,971,989,1014,1028,1087,1091,1098,1137,1141,1145,1184,1194,1208,1212,1216,1220,1239,1244,1248,1252,1256,1260,1264,1268,1284,1294,1320,1336,1352,1416,1450,1454,1458,1497,1511,1524,1528,1532,1536,1556,1561,1565,1569,1573,1577,1581,1585,1601,1611,1636,1652,1669,1733,1746,1784,1789,1818,1832,1846,1856,1884,1901,1917,1934,1962-1963,1987,1991,2001,2014-2015	GENERATED-PACKAGE-REFERENCE	endpoint	DEFERRED: immutable legacy reference; not edited or rebuilt
osm-packages/open5gs_knf/helm-chart-v3s/open5gs/charts/mongodb/values.yaml	797,865	GENERATED-PACKAGE-REFERENCE	network-address	DEFERRED: immutable legacy reference; not edited or rebuilt
osm-packages/open5gs_knf/helm-chart-v3s/open5gs/charts/mongodb/values.yaml	10,25,28,31,49,61,114,202,617,674,676,678,743,978,1090,1831,1969,1971,2010,2012	GENERATED-PACKAGE-REFERENCE	resource/profile	DEFERRED: immutable legacy reference; not edited or rebuilt
osm-packages/open5gs_knf/helm-chart-v3s/open5gs/charts/open5gs-amf/Chart.yaml	7,12-13,23	GENERATED-PACKAGE-REFERENCE	endpoint	DEFERRED: immutable legacy reference; not edited or rebuilt
osm-packages/open5gs_knf/helm-chart-v3s/open5gs/charts/open5gs-amf/README.md	3,7,17,23,182	GENERATED-PACKAGE-REFERENCE	endpoint	DEFERRED: immutable legacy reference; not edited or rebuilt
osm-packages/open5gs_knf/helm-chart-v3s/open5gs/charts/open5gs-amf/README.md	101,106,136,147,158	GENERATED-PACKAGE-REFERENCE	resource/profile	DEFERRED: immutable legacy reference; not edited or rebuilt
osm-packages/open5gs_knf/helm-chart-v3s/open5gs/charts/open5gs-amf/resources/config/amf.yaml	19,23,117,138	GENERATED-PACKAGE-REFERENCE	endpoint	DEFERRED: immutable legacy reference; not edited or rebuilt
osm-packages/open5gs_knf/helm-chart-v3s/open5gs/charts/open5gs-amf/resources/config/amf.yaml	71	GENERATED-PACKAGE-REFERENCE	network-address	DEFERRED: immutable legacy reference; not edited or rebuilt
osm-packages/open5gs_knf/helm-chart-v3s/open5gs/charts/open5gs-amf/resources/config/amf.yaml	81,87,93,95	GENERATED-PACKAGE-REFERENCE	network-address,endpoint	DEFERRED: immutable legacy reference; not edited or rebuilt
osm-packages/open5gs_knf/helm-chart-v3s/open5gs/charts/open5gs-amf/resources/config/amf.yaml	51	GENERATED-PACKAGE-REFERENCE	resource/profile	DEFERRED: immutable legacy reference; not edited or rebuilt
osm-packages/open5gs_knf/helm-chart-v3s/open5gs/charts/open5gs-amf/templates/_helpers.tpl	20	GENERATED-PACKAGE-REFERENCE	resource/profile	DEFERRED: immutable legacy reference; not edited or rebuilt
osm-packages/open5gs_knf/helm-chart-v3s/open5gs/charts/open5gs-amf/templates/configmap.yaml	4	GENERATED-PACKAGE-REFERENCE	resource/profile	DEFERRED: immutable legacy reference; not edited or rebuilt
osm-packages/open5gs_knf/helm-chart-v3s/open5gs/charts/open5gs-amf/templates/deployment.yaml	4-5,71,165	GENERATED-PACKAGE-REFERENCE	resource/profile	DEFERRED: immutable legacy reference; not edited or rebuilt
osm-packages/open5gs_knf/helm-chart-v3s/open5gs/charts/open5gs-amf/templates/hpa.yaml	4,10	GENERATED-PACKAGE-REFERENCE	resource/profile	DEFERRED: immutable legacy reference; not edited or rebuilt
osm-packages/open5gs_knf/helm-chart-v3s/open5gs/charts/open5gs-amf/templates/service-metrics.yaml	5-6,29-30,46,48	GENERATED-PACKAGE-REFERENCE	resource/profile	DEFERRED: immutable legacy reference; not edited or rebuilt
osm-packages/open5gs_knf/helm-chart-v3s/open5gs/charts/open5gs-amf/templates/service-ngap.yaml	4-5,27-28,45,47	GENERATED-PACKAGE-REFERENCE	resource/profile	DEFERRED: immutable legacy reference; not edited or rebuilt
osm-packages/open5gs_knf/helm-chart-v3s/open5gs/charts/open5gs-amf/templates/service-sbi.yaml	4-5,27-28,45,47	GENERATED-PACKAGE-REFERENCE	resource/profile	DEFERRED: immutable legacy reference; not edited or rebuilt
osm-packages/open5gs_knf/helm-chart-v3s/open5gs/charts/open5gs-amf/templates/serviceaccount.yaml	6	GENERATED-PACKAGE-REFERENCE	resource/profile	DEFERRED: immutable legacy reference; not edited or rebuilt
osm-packages/open5gs_knf/helm-chart-v3s/open5gs/charts/open5gs-amf/templates/servicemonitor.yaml	5-6	GENERATED-PACKAGE-REFERENCE	resource/profile	DEFERRED: immutable legacy reference; not edited or rebuilt
osm-packages/open5gs_knf/helm-chart-v3s/open5gs/charts/open5gs-amf/templates/vmservicescrape.yaml	5-6	GENERATED-PACKAGE-REFERENCE	resource/profile	DEFERRED: immutable legacy reference; not edited or rebuilt
osm-packages/open5gs_knf/helm-chart-v3s/open5gs/charts/open5gs-amf/values.schema.json	2	GENERATED-PACKAGE-REFERENCE	endpoint	DEFERRED: immutable legacy reference; not edited or rebuilt
osm-packages/open5gs_knf/helm-chart-v3s/open5gs/charts/open5gs-amf/values.schema.json	317,337,467,515,563	GENERATED-PACKAGE-REFERENCE	resource/profile	DEFERRED: immutable legacy reference; not edited or rebuilt
osm-packages/open5gs_knf/helm-chart-v3s/open5gs/charts/open5gs-amf/values.yaml	47,63,68,133,137,142,170,193,198,202,206,224,229,233,241,249,259,276,292,320,324,348,357,373,397,406,422,446,455,474,487-488,516-517	GENERATED-PACKAGE-REFERENCE	endpoint	DEFERRED: immutable legacy reference; not edited or rebuilt
osm-packages/open5gs_knf/helm-chart-v3s/open5gs/charts/open5gs-amf/values.yaml	344,393,442	GENERATED-PACKAGE-REFERENCE	network-address	DEFERRED: immutable legacy reference; not edited or rebuilt
osm-packages/open5gs_knf/helm-chart-v3s/open5gs/charts/open5gs-amf/values.yaml	24,27,30,67,86,89,177,360,362,364,409,411,413,458,460,462,494,496,523,525	GENERATED-PACKAGE-REFERENCE	resource/profile	DEFERRED: immutable legacy reference; not edited or rebuilt
osm-packages/open5gs_knf/helm-chart-v3s/open5gs/charts/open5gs-ausf/Chart.yaml	7,12-13,22	GENERATED-PACKAGE-REFERENCE	endpoint	DEFERRED: immutable legacy reference; not edited or rebuilt
osm-packages/open5gs_knf/helm-chart-v3s/open5gs/charts/open5gs-ausf/README.md	3,7,17,23,130	GENERATED-PACKAGE-REFERENCE	endpoint	DEFERRED: immutable legacy reference; not edited or rebuilt
osm-packages/open5gs_knf/helm-chart-v3s/open5gs/charts/open5gs-ausf/README.md	107	GENERATED-PACKAGE-REFERENCE	resource/profile	DEFERRED: immutable legacy reference; not edited or rebuilt
osm-packages/open5gs_knf/helm-chart-v3s/open5gs/charts/open5gs-ausf/resources/config/ausf.yaml	20,24,86,107	GENERATED-PACKAGE-REFERENCE	endpoint	DEFERRED: immutable legacy reference; not edited or rebuilt
osm-packages/open5gs_knf/helm-chart-v3s/open5gs/charts/open5gs-ausf/resources/config/ausf.yaml	40	GENERATED-PACKAGE-REFERENCE	network-address	DEFERRED: immutable legacy reference; not edited or rebuilt
osm-packages/open5gs_knf/helm-chart-v3s/open5gs/charts/open5gs-ausf/resources/config/ausf.yaml	50,56,62,64	GENERATED-PACKAGE-REFERENCE	network-address,endpoint	DEFERRED: immutable legacy reference; not edited or rebuilt
osm-packages/open5gs_knf/helm-chart-v3s/open5gs/charts/open5gs-ausf/templates/_helpers.tpl	20	GENERATED-PACKAGE-REFERENCE	resource/profile	DEFERRED: immutable legacy reference; not edited or rebuilt
osm-packages/open5gs_knf/helm-chart-v3s/open5gs/charts/open5gs-ausf/templates/configmap.yaml	4	GENERATED-PACKAGE-REFERENCE	resource/profile	DEFERRED: immutable legacy reference; not edited or rebuilt
osm-packages/open5gs_knf/helm-chart-v3s/open5gs/charts/open5gs-ausf/templates/deployment.yaml	4-5,71,160	GENERATED-PACKAGE-REFERENCE	resource/profile	DEFERRED: immutable legacy reference; not edited or rebuilt
osm-packages/open5gs_knf/helm-chart-v3s/open5gs/charts/open5gs-ausf/templates/hpa.yaml	4,10	GENERATED-PACKAGE-REFERENCE	resource/profile	DEFERRED: immutable legacy reference; not edited or rebuilt
osm-packages/open5gs_knf/helm-chart-v3s/open5gs/charts/open5gs-ausf/templates/service-sbi.yaml	4-5,27-28,45,47	GENERATED-PACKAGE-REFERENCE	resource/profile	DEFERRED: immutable legacy reference; not edited or rebuilt
osm-packages/open5gs_knf/helm-chart-v3s/open5gs/charts/open5gs-ausf/templates/serviceaccount.yaml	6	GENERATED-PACKAGE-REFERENCE	resource/profile	DEFERRED: immutable legacy reference; not edited or rebuilt
osm-packages/open5gs_knf/helm-chart-v3s/open5gs/charts/open5gs-ausf/values.schema.json	2	GENERATED-PACKAGE-REFERENCE	endpoint	DEFERRED: immutable legacy reference; not edited or rebuilt
osm-packages/open5gs_knf/helm-chart-v3s/open5gs/charts/open5gs-ausf/values.schema.json	311	GENERATED-PACKAGE-REFERENCE	resource/profile	DEFERRED: immutable legacy reference; not edited or rebuilt
osm-packages/open5gs_knf/helm-chart-v3s/open5gs/charts/open5gs-ausf/values.yaml	47,63,68,112,116,121,149,170,175,179,183,201,206,210,218,226,236,252,268,296,300,324,333,349	GENERATED-PACKAGE-REFERENCE	endpoint	DEFERRED: immutable legacy reference; not edited or rebuilt
osm-packages/open5gs_knf/helm-chart-v3s/open5gs/charts/open5gs-ausf/values.yaml	320	GENERATED-PACKAGE-REFERENCE	network-address	DEFERRED: immutable legacy reference; not edited or rebuilt
osm-packages/open5gs_knf/helm-chart-v3s/open5gs/charts/open5gs-ausf/values.yaml	24,27,30,67,86,89,156,336,338,340	GENERATED-PACKAGE-REFERENCE	resource/profile	DEFERRED: immutable legacy reference; not edited or rebuilt
osm-packages/open5gs_knf/helm-chart-v3s/open5gs/charts/open5gs-bsf/Chart.yaml	7,12-13,22	GENERATED-PACKAGE-REFERENCE	endpoint	DEFERRED: immutable legacy reference; not edited or rebuilt
osm-packages/open5gs_knf/helm-chart-v3s/open5gs/charts/open5gs-bsf/README.md	3,7,17,23,130	GENERATED-PACKAGE-REFERENCE	endpoint	DEFERRED: immutable legacy reference; not edited or rebuilt
osm-packages/open5gs_knf/helm-chart-v3s/open5gs/charts/open5gs-bsf/README.md	107	GENERATED-PACKAGE-REFERENCE	resource/profile	DEFERRED: immutable legacy reference; not edited or rebuilt
osm-packages/open5gs_knf/helm-chart-v3s/open5gs/charts/open5gs-bsf/resources/config/bsf.yaml	20,24,86,107	GENERATED-PACKAGE-REFERENCE	endpoint	DEFERRED: immutable legacy reference; not edited or rebuilt
osm-packages/open5gs_knf/helm-chart-v3s/open5gs/charts/open5gs-bsf/resources/config/bsf.yaml	40	GENERATED-PACKAGE-REFERENCE	network-address	DEFERRED: immutable legacy reference; not edited or rebuilt
osm-packages/open5gs_knf/helm-chart-v3s/open5gs/charts/open5gs-bsf/resources/config/bsf.yaml	50,56,62,64	GENERATED-PACKAGE-REFERENCE	network-address,endpoint	DEFERRED: immutable legacy reference; not edited or rebuilt
osm-packages/open5gs_knf/helm-chart-v3s/open5gs/charts/open5gs-bsf/templates/_helpers.tpl	20	GENERATED-PACKAGE-REFERENCE	resource/profile	DEFERRED: immutable legacy reference; not edited or rebuilt
osm-packages/open5gs_knf/helm-chart-v3s/open5gs/charts/open5gs-bsf/templates/configmap.yaml	4	GENERATED-PACKAGE-REFERENCE	resource/profile	DEFERRED: immutable legacy reference; not edited or rebuilt
osm-packages/open5gs_knf/helm-chart-v3s/open5gs/charts/open5gs-bsf/templates/deployment.yaml	4-5,71,160	GENERATED-PACKAGE-REFERENCE	resource/profile	DEFERRED: immutable legacy reference; not edited or rebuilt
osm-packages/open5gs_knf/helm-chart-v3s/open5gs/charts/open5gs-bsf/templates/hpa.yaml	4,10	GENERATED-PACKAGE-REFERENCE	resource/profile	DEFERRED: immutable legacy reference; not edited or rebuilt
osm-packages/open5gs_knf/helm-chart-v3s/open5gs/charts/open5gs-bsf/templates/service-sbi.yaml	4-5,27-28,45,47	GENERATED-PACKAGE-REFERENCE	resource/profile	DEFERRED: immutable legacy reference; not edited or rebuilt
osm-packages/open5gs_knf/helm-chart-v3s/open5gs/charts/open5gs-bsf/templates/serviceaccount.yaml	6	GENERATED-PACKAGE-REFERENCE	resource/profile	DEFERRED: immutable legacy reference; not edited or rebuilt
osm-packages/open5gs_knf/helm-chart-v3s/open5gs/charts/open5gs-bsf/values.schema.json	2	GENERATED-PACKAGE-REFERENCE	endpoint	DEFERRED: immutable legacy reference; not edited or rebuilt
osm-packages/open5gs_knf/helm-chart-v3s/open5gs/charts/open5gs-bsf/values.schema.json	308	GENERATED-PACKAGE-REFERENCE	resource/profile	DEFERRED: immutable legacy reference; not edited or rebuilt
osm-packages/open5gs_knf/helm-chart-v3s/open5gs/charts/open5gs-bsf/values.yaml	47,63,68,112,116,121,149,170,175,179,183,201,206,210,218,226,236,252,268,296,300,324,333,349	GENERATED-PACKAGE-REFERENCE	endpoint	DEFERRED: immutable legacy reference; not edited or rebuilt
osm-packages/open5gs_knf/helm-chart-v3s/open5gs/charts/open5gs-bsf/values.yaml	320	GENERATED-PACKAGE-REFERENCE	network-address	DEFERRED: immutable legacy reference; not edited or rebuilt
osm-packages/open5gs_knf/helm-chart-v3s/open5gs/charts/open5gs-bsf/values.yaml	24,27,30,67,86,89,156,336,338,340	GENERATED-PACKAGE-REFERENCE	resource/profile	DEFERRED: immutable legacy reference; not edited or rebuilt
osm-packages/open5gs_knf/helm-chart-v3s/open5gs/charts/open5gs-hss/Chart.yaml	7,13,16-17,28	GENERATED-PACKAGE-REFERENCE	endpoint	DEFERRED: immutable legacy reference; not edited or rebuilt
osm-packages/open5gs_knf/helm-chart-v3s/open5gs/charts/open5gs-hss/README.md	3,7,17,23-24,109	GENERATED-PACKAGE-REFERENCE	endpoint	DEFERRED: immutable legacy reference; not edited or rebuilt
osm-packages/open5gs_knf/helm-chart-v3s/open5gs/charts/open5gs-hss/README.md	92	GENERATED-PACKAGE-REFERENCE	resource/profile	DEFERRED: immutable legacy reference; not edited or rebuilt
osm-packages/open5gs_knf/helm-chart-v3s/open5gs/charts/open5gs-hss/resources/config/diameter-hss.conf	101,132	GENERATED-PACKAGE-REFERENCE	endpoint	DEFERRED: immutable legacy reference; not edited or rebuilt
osm-packages/open5gs_knf/helm-chart-v3s/open5gs/charts/open5gs-hss/resources/config/diameter-hss.conf	80,83,257	GENERATED-PACKAGE-REFERENCE	network-address	DEFERRED: immutable legacy reference; not edited or rebuilt
osm-packages/open5gs_knf/helm-chart-v3s/open5gs/charts/open5gs-hss/templates/_helpers.tpl	20	GENERATED-PACKAGE-REFERENCE	resource/profile	DEFERRED: immutable legacy reference; not edited or rebuilt
osm-packages/open5gs_knf/helm-chart-v3s/open5gs/charts/open5gs-hss/templates/configmap-diameter.yaml	4	GENERATED-PACKAGE-REFERENCE	resource/profile	DEFERRED: immutable legacy reference; not edited or rebuilt
osm-packages/open5gs_knf/helm-chart-v3s/open5gs/charts/open5gs-hss/templates/configmap.yaml	4	GENERATED-PACKAGE-REFERENCE	resource/profile	DEFERRED: immutable legacy reference; not edited or rebuilt
osm-packages/open5gs_knf/helm-chart-v3s/open5gs/charts/open5gs-hss/templates/deployment.yaml	4-5,71,91,140,143	GENERATED-PACKAGE-REFERENCE	resource/profile	DEFERRED: immutable legacy reference; not edited or rebuilt
osm-packages/open5gs_knf/helm-chart-v3s/open5gs/charts/open5gs-hss/templates/hpa.yaml	4,10	GENERATED-PACKAGE-REFERENCE	resource/profile	DEFERRED: immutable legacy reference; not edited or rebuilt
osm-packages/open5gs_knf/helm-chart-v3s/open5gs/charts/open5gs-hss/templates/service-frdi.yaml	4-5,27-28,45,47	GENERATED-PACKAGE-REFERENCE	resource/profile	DEFERRED: immutable legacy reference; not edited or rebuilt
osm-packages/open5gs_knf/helm-chart-v3s/open5gs/charts/open5gs-hss/templates/serviceaccount.yaml	6	GENERATED-PACKAGE-REFERENCE	resource/profile	DEFERRED: immutable legacy reference; not edited or rebuilt
osm-packages/open5gs_knf/helm-chart-v3s/open5gs/charts/open5gs-hss/values.schema.json	2	GENERATED-PACKAGE-REFERENCE	endpoint	DEFERRED: immutable legacy reference; not edited or rebuilt
osm-packages/open5gs_knf/helm-chart-v3s/open5gs/charts/open5gs-hss/values.schema.json	262	GENERATED-PACKAGE-REFERENCE	resource/profile	DEFERRED: immutable legacy reference; not edited or rebuilt
osm-packages/open5gs_knf/helm-chart-v3s/open5gs/charts/open5gs-hss/values.yaml	47,63,68,107,111,116,144,165,170,174,178,196,201,205,213,221,244,248,272,281,297	GENERATED-PACKAGE-REFERENCE	endpoint	DEFERRED: immutable legacy reference; not edited or rebuilt
osm-packages/open5gs_knf/helm-chart-v3s/open5gs/charts/open5gs-hss/values.yaml	268	GENERATED-PACKAGE-REFERENCE	network-address	DEFERRED: immutable legacy reference; not edited or rebuilt
osm-packages/open5gs_knf/helm-chart-v3s/open5gs/charts/open5gs-hss/values.yaml	24,27,30,67,82,151,284,286,288,307	GENERATED-PACKAGE-REFERENCE	resource/profile	DEFERRED: immutable legacy reference; not edited or rebuilt
osm-packages/open5gs_knf/helm-chart-v3s/open5gs/charts/open5gs-mme/Chart.yaml	7,12-13,23	GENERATED-PACKAGE-REFERENCE	endpoint	DEFERRED: immutable legacy reference; not edited or rebuilt
osm-packages/open5gs_knf/helm-chart-v3s/open5gs/charts/open5gs-mme/README.md	3,7,17,23,143	GENERATED-PACKAGE-REFERENCE	endpoint	DEFERRED: immutable legacy reference; not edited or rebuilt
osm-packages/open5gs_knf/helm-chart-v3s/open5gs/charts/open5gs-mme/README.md	104,115,126	GENERATED-PACKAGE-REFERENCE	resource/profile	DEFERRED: immutable legacy reference; not edited or rebuilt
osm-packages/open5gs_knf/helm-chart-v3s/open5gs/charts/open5gs-mme/resources/config/diameter-mme.conf	101,132	GENERATED-PACKAGE-REFERENCE	endpoint	DEFERRED: immutable legacy reference; not edited or rebuilt
osm-packages/open5gs_knf/helm-chart-v3s/open5gs/charts/open5gs-mme/resources/config/diameter-mme.conf	80,83,257	GENERATED-PACKAGE-REFERENCE	network-address	DEFERRED: immutable legacy reference; not edited or rebuilt
osm-packages/open5gs_knf/helm-chart-v3s/open5gs/charts/open5gs-mme/resources/config/mme.yaml	59,70,72,80,82,89,91,99,101,109,111,120,139,159	GENERATED-PACKAGE-REFERENCE	network-address	DEFERRED: immutable legacy reference; not edited or rebuilt
osm-packages/open5gs_knf/helm-chart-v3s/open5gs/charts/open5gs-mme/resources/config/mme.yaml	36	GENERATED-PACKAGE-REFERENCE	resource/profile	DEFERRED: immutable legacy reference; not edited or rebuilt
osm-packages/open5gs_knf/helm-chart-v3s/open5gs/charts/open5gs-mme/templates/_helpers.tpl	20	GENERATED-PACKAGE-REFERENCE	resource/profile	DEFERRED: immutable legacy reference; not edited or rebuilt
osm-packages/open5gs_knf/helm-chart-v3s/open5gs/charts/open5gs-mme/templates/configmap-diameter.yaml	4	GENERATED-PACKAGE-REFERENCE	resource/profile	DEFERRED: immutable legacy reference; not edited or rebuilt
osm-packages/open5gs_knf/helm-chart-v3s/open5gs/charts/open5gs-mme/templates/configmap.yaml	4	GENERATED-PACKAGE-REFERENCE	resource/profile	DEFERRED: immutable legacy reference; not edited or rebuilt
osm-packages/open5gs_knf/helm-chart-v3s/open5gs/charts/open5gs-mme/templates/deployment.yaml	4-5,71,140,143	GENERATED-PACKAGE-REFERENCE	resource/profile	DEFERRED: immutable legacy reference; not edited or rebuilt
osm-packages/open5gs_knf/helm-chart-v3s/open5gs/charts/open5gs-mme/templates/hpa.yaml	4,10	GENERATED-PACKAGE-REFERENCE	resource/profile	DEFERRED: immutable legacy reference; not edited or rebuilt
osm-packages/open5gs_knf/helm-chart-v3s/open5gs/charts/open5gs-mme/templates/service-frdi.yaml	4-5,27-28,45,47	GENERATED-PACKAGE-REFERENCE	resource/profile	DEFERRED: immutable legacy reference; not edited or rebuilt
osm-packages/open5gs_knf/helm-chart-v3s/open5gs/charts/open5gs-mme/templates/service-gtpc.yaml	4-5,27-28,45,47	GENERATED-PACKAGE-REFERENCE	resource/profile	DEFERRED: immutable legacy reference; not edited or rebuilt
osm-packages/open5gs_knf/helm-chart-v3s/open5gs/charts/open5gs-mme/templates/service-s1ap.yaml	4-5,27-28,45,47	GENERATED-PACKAGE-REFERENCE	resource/profile	DEFERRED: immutable legacy reference; not edited or rebuilt
osm-packages/open5gs_knf/helm-chart-v3s/open5gs/charts/open5gs-mme/templates/serviceaccount.yaml	6	GENERATED-PACKAGE-REFERENCE	resource/profile	DEFERRED: immutable legacy reference; not edited or rebuilt
osm-packages/open5gs_knf/helm-chart-v3s/open5gs/charts/open5gs-mme/values.schema.json	2	GENERATED-PACKAGE-REFERENCE	endpoint	DEFERRED: immutable legacy reference; not edited or rebuilt
osm-packages/open5gs_knf/helm-chart-v3s/open5gs/charts/open5gs-mme/values.schema.json	337,385,433	GENERATED-PACKAGE-REFERENCE	resource/profile	DEFERRED: immutable legacy reference; not edited or rebuilt
osm-packages/open5gs_knf/helm-chart-v3s/open5gs/charts/open5gs-mme/values.yaml	47,63,68,127,131,136,164,187,192,196,200,218,223,227,235,243,266,270,294,303,319,343,352,368,392,401,417	GENERATED-PACKAGE-REFERENCE	endpoint	DEFERRED: immutable legacy reference; not edited or rebuilt
osm-packages/open5gs_knf/helm-chart-v3s/open5gs/charts/open5gs-mme/values.yaml	290,339,388	GENERATED-PACKAGE-REFERENCE	network-address	DEFERRED: immutable legacy reference; not edited or rebuilt
osm-packages/open5gs_knf/helm-chart-v3s/open5gs/charts/open5gs-mme/values.yaml	24,27,30,67,103,171,306,308,310,355,357,359,404,406,408	GENERATED-PACKAGE-REFERENCE	resource/profile	DEFERRED: immutable legacy reference; not edited or rebuilt
osm-packages/open5gs_knf/helm-chart-v3s/open5gs/charts/open5gs-nrf/Chart.yaml	7,12-13,23	GENERATED-PACKAGE-REFERENCE	endpoint	DEFERRED: immutable legacy reference; not edited or rebuilt
osm-packages/open5gs_knf/helm-chart-v3s/open5gs/charts/open5gs-nrf/README.md	3,7,17,23,124	GENERATED-PACKAGE-REFERENCE	endpoint	DEFERRED: immutable legacy reference; not edited or rebuilt
osm-packages/open5gs_knf/helm-chart-v3s/open5gs/charts/open5gs-nrf/README.md	101	GENERATED-PACKAGE-REFERENCE	resource/profile	DEFERRED: immutable legacy reference; not edited or rebuilt
osm-packages/open5gs_knf/helm-chart-v3s/open5gs/charts/open5gs-nrf/resources/config/nrf.yaml	33	GENERATED-PACKAGE-REFERENCE	network-address	DEFERRED: immutable legacy reference; not edited or rebuilt
osm-packages/open5gs_knf/helm-chart-v3s/open5gs/charts/open5gs-nrf/templates/_helpers.tpl	20	GENERATED-PACKAGE-REFERENCE	resource/profile	DEFERRED: immutable legacy reference; not edited or rebuilt
osm-packages/open5gs_knf/helm-chart-v3s/open5gs/charts/open5gs-nrf/templates/configmap.yaml	4	GENERATED-PACKAGE-REFERENCE	resource/profile	DEFERRED: immutable legacy reference; not edited or rebuilt
osm-packages/open5gs_knf/helm-chart-v3s/open5gs/charts/open5gs-nrf/templates/deployment.yaml	4-5,71,160	GENERATED-PACKAGE-REFERENCE	resource/profile	DEFERRED: immutable legacy reference; not edited or rebuilt
osm-packages/open5gs_knf/helm-chart-v3s/open5gs/charts/open5gs-nrf/templates/hpa.yaml	4,10	GENERATED-PACKAGE-REFERENCE	resource/profile	DEFERRED: immutable legacy reference; not edited or rebuilt
osm-packages/open5gs_knf/helm-chart-v3s/open5gs/charts/open5gs-nrf/templates/service-sbi.yaml	4-5,27-28,45,47	GENERATED-PACKAGE-REFERENCE	resource/profile	DEFERRED: immutable legacy reference; not edited or rebuilt
osm-packages/open5gs_knf/helm-chart-v3s/open5gs/charts/open5gs-nrf/templates/serviceaccount.yaml	6	GENERATED-PACKAGE-REFERENCE	resource/profile	DEFERRED: immutable legacy reference; not edited or rebuilt
osm-packages/open5gs_knf/helm-chart-v3s/open5gs/charts/open5gs-nrf/values.schema.json	2	GENERATED-PACKAGE-REFERENCE	endpoint	DEFERRED: immutable legacy reference; not edited or rebuilt
osm-packages/open5gs_knf/helm-chart-v3s/open5gs/charts/open5gs-nrf/values.schema.json	273	GENERATED-PACKAGE-REFERENCE	resource/profile	DEFERRED: immutable legacy reference; not edited or rebuilt
osm-packages/open5gs_knf/helm-chart-v3s/open5gs/charts/open5gs-nrf/values.yaml	47,63,68,108,112,117,145,166,171,175,179,197,202,206,214,222,232,248,264,292,296,320,329,345	GENERATED-PACKAGE-REFERENCE	endpoint	DEFERRED: immutable legacy reference; not edited or rebuilt
osm-packages/open5gs_knf/helm-chart-v3s/open5gs/charts/open5gs-nrf/values.yaml	316	GENERATED-PACKAGE-REFERENCE	network-address	DEFERRED: immutable legacy reference; not edited or rebuilt
osm-packages/open5gs_knf/helm-chart-v3s/open5gs/charts/open5gs-nrf/values.yaml	24,27,30,67,152,332,334,336	GENERATED-PACKAGE-REFERENCE	resource/profile	DEFERRED: immutable legacy reference; not edited or rebuilt
osm-packages/open5gs_knf/helm-chart-v3s/open5gs/charts/open5gs-nssf/Chart.yaml	7,12-13,22	GENERATED-PACKAGE-REFERENCE	endpoint	DEFERRED: immutable legacy reference; not edited or rebuilt
osm-packages/open5gs_knf/helm-chart-v3s/open5gs/charts/open5gs-nssf/README.md	3,7,17,23,135	GENERATED-PACKAGE-REFERENCE	endpoint	DEFERRED: immutable legacy reference; not edited or rebuilt
osm-packages/open5gs_knf/helm-chart-v3s/open5gs/charts/open5gs-nssf/README.md	111	GENERATED-PACKAGE-REFERENCE	resource/profile	DEFERRED: immutable legacy reference; not edited or rebuilt
osm-packages/open5gs_knf/helm-chart-v3s/open5gs/charts/open5gs-nssf/resources/config/nssf.yaml	19,23,27,54,64,116,118,141,143	GENERATED-PACKAGE-REFERENCE	endpoint	DEFERRED: immutable legacy reference; not edited or rebuilt
osm-packages/open5gs_knf/helm-chart-v3s/open5gs/charts/open5gs-nssf/resources/config/nssf.yaml	47	GENERATED-PACKAGE-REFERENCE	network-address	DEFERRED: immutable legacy reference; not edited or rebuilt
osm-packages/open5gs_knf/helm-chart-v3s/open5gs/charts/open5gs-nssf/resources/config/nssf.yaml	56,58,67,71,80,86,92,94	GENERATED-PACKAGE-REFERENCE	network-address,endpoint	DEFERRED: immutable legacy reference; not edited or rebuilt
osm-packages/open5gs_knf/helm-chart-v3s/open5gs/charts/open5gs-nssf/resources/config/nssf.yaml	55,57,59	GENERATED-PACKAGE-REFERENCE	resource/profile	DEFERRED: immutable legacy reference; not edited or rebuilt
osm-packages/open5gs_knf/helm-chart-v3s/open5gs/charts/open5gs-nssf/templates/_helpers.tpl	20	GENERATED-PACKAGE-REFERENCE	resource/profile	DEFERRED: immutable legacy reference; not edited or rebuilt
osm-packages/open5gs_knf/helm-chart-v3s/open5gs/charts/open5gs-nssf/templates/configmap.yaml	4	GENERATED-PACKAGE-REFERENCE	resource/profile	DEFERRED: immutable legacy reference; not edited or rebuilt
osm-packages/open5gs_knf/helm-chart-v3s/open5gs/charts/open5gs-nssf/templates/deployment.yaml	4-5,71,160	GENERATED-PACKAGE-REFERENCE	resource/profile	DEFERRED: immutable legacy reference; not edited or rebuilt
osm-packages/open5gs_knf/helm-chart-v3s/open5gs/charts/open5gs-nssf/templates/hpa.yaml	4,10	GENERATED-PACKAGE-REFERENCE	resource/profile	DEFERRED: immutable legacy reference; not edited or rebuilt
osm-packages/open5gs_knf/helm-chart-v3s/open5gs/charts/open5gs-nssf/templates/service-sbi.yaml	4-5,27-28,45,47	GENERATED-PACKAGE-REFERENCE	resource/profile	DEFERRED: immutable legacy reference; not edited or rebuilt
osm-packages/open5gs_knf/helm-chart-v3s/open5gs/charts/open5gs-nssf/templates/serviceaccount.yaml	6	GENERATED-PACKAGE-REFERENCE	resource/profile	DEFERRED: immutable legacy reference; not edited or rebuilt
osm-packages/open5gs_knf/helm-chart-v3s/open5gs/charts/open5gs-nssf/values.schema.json	2	GENERATED-PACKAGE-REFERENCE	endpoint	DEFERRED: immutable legacy reference; not edited or rebuilt
osm-packages/open5gs_knf/helm-chart-v3s/open5gs/charts/open5gs-nssf/values.schema.json	325	GENERATED-PACKAGE-REFERENCE	resource/profile	DEFERRED: immutable legacy reference; not edited or rebuilt
osm-packages/open5gs_knf/helm-chart-v3s/open5gs/charts/open5gs-nssf/values.yaml	47,63,68,115,119,124,152,173,178,182,186,204,209,213,221,229,239,256,272,300,304,328,337,353	GENERATED-PACKAGE-REFERENCE	endpoint	DEFERRED: immutable legacy reference; not edited or rebuilt
osm-packages/open5gs_knf/helm-chart-v3s/open5gs/charts/open5gs-nssf/values.yaml	324	GENERATED-PACKAGE-REFERENCE	network-address	DEFERRED: immutable legacy reference; not edited or rebuilt
osm-packages/open5gs_knf/helm-chart-v3s/open5gs/charts/open5gs-nssf/values.yaml	24,27,30,67,85,88,159,340,342,344	GENERATED-PACKAGE-REFERENCE	resource/profile	DEFERRED: immutable legacy reference; not edited or rebuilt
osm-packages/open5gs_knf/helm-chart-v3s/open5gs/charts/open5gs-pcf/Chart.yaml	7,13,16-17,27	GENERATED-PACKAGE-REFERENCE	endpoint	DEFERRED: immutable legacy reference; not edited or rebuilt
osm-packages/open5gs_knf/helm-chart-v3s/open5gs/charts/open5gs-pcf/README.md	3,7,17,23-24,158	GENERATED-PACKAGE-REFERENCE	endpoint	DEFERRED: immutable legacy reference; not edited or rebuilt
osm-packages/open5gs_knf/helm-chart-v3s/open5gs/charts/open5gs-pcf/README.md	88,93,124,135	GENERATED-PACKAGE-REFERENCE	resource/profile	DEFERRED: immutable legacy reference; not edited or rebuilt
osm-packages/open5gs_knf/helm-chart-v3s/open5gs/charts/open5gs-pcf/resources/config/pcf.yaml	19,23,212,233	GENERATED-PACKAGE-REFERENCE	endpoint	DEFERRED: immutable legacy reference; not edited or rebuilt
osm-packages/open5gs_knf/helm-chart-v3s/open5gs/charts/open5gs-pcf/resources/config/pcf.yaml	106,108,166	GENERATED-PACKAGE-REFERENCE	network-address	DEFERRED: immutable legacy reference; not edited or rebuilt
osm-packages/open5gs_knf/helm-chart-v3s/open5gs/charts/open5gs-pcf/resources/config/pcf.yaml	176,182,188,190	GENERATED-PACKAGE-REFERENCE	network-address,endpoint	DEFERRED: immutable legacy reference; not edited or rebuilt
osm-packages/open5gs_knf/helm-chart-v3s/open5gs/charts/open5gs-pcf/templates/_helpers.tpl	20	GENERATED-PACKAGE-REFERENCE	resource/profile	DEFERRED: immutable legacy reference; not edited or rebuilt
osm-packages/open5gs_knf/helm-chart-v3s/open5gs/charts/open5gs-pcf/templates/configmap.yaml	4	GENERATED-PACKAGE-REFERENCE	resource/profile	DEFERRED: immutable legacy reference; not edited or rebuilt
osm-packages/open5gs_knf/helm-chart-v3s/open5gs/charts/open5gs-pcf/templates/deployment.yaml	4-5,71,91,168	GENERATED-PACKAGE-REFERENCE	resource/profile	DEFERRED: immutable legacy reference; not edited or rebuilt
osm-packages/open5gs_knf/helm-chart-v3s/open5gs/charts/open5gs-pcf/templates/hpa.yaml	4,10	GENERATED-PACKAGE-REFERENCE	resource/profile	DEFERRED: immutable legacy reference; not edited or rebuilt
osm-packages/open5gs_knf/helm-chart-v3s/open5gs/charts/open5gs-pcf/templates/service-metrics.yaml	5-6,29-30,46,48	GENERATED-PACKAGE-REFERENCE	resource/profile	DEFERRED: immutable legacy reference; not edited or rebuilt
osm-packages/open5gs_knf/helm-chart-v3s/open5gs/charts/open5gs-pcf/templates/service-sbi.yaml	4-5,27-28,45,47	GENERATED-PACKAGE-REFERENCE	resource/profile	DEFERRED: immutable legacy reference; not edited or rebuilt
osm-packages/open5gs_knf/helm-chart-v3s/open5gs/charts/open5gs-pcf/templates/serviceaccount.yaml	6	GENERATED-PACKAGE-REFERENCE	resource/profile	DEFERRED: immutable legacy reference; not edited or rebuilt
osm-packages/open5gs_knf/helm-chart-v3s/open5gs/charts/open5gs-pcf/templates/servicemonitor.yaml	5-6	GENERATED-PACKAGE-REFERENCE	resource/profile	DEFERRED: immutable legacy reference; not edited or rebuilt
osm-packages/open5gs_knf/helm-chart-v3s/open5gs/charts/open5gs-pcf/templates/vmservicescrape.yaml	5-6	GENERATED-PACKAGE-REFERENCE	resource/profile	DEFERRED: immutable legacy reference; not edited or rebuilt
osm-packages/open5gs_knf/helm-chart-v3s/open5gs/charts/open5gs-pcf/values.schema.json	2	GENERATED-PACKAGE-REFERENCE	endpoint	DEFERRED: immutable legacy reference; not edited or rebuilt
osm-packages/open5gs_knf/helm-chart-v3s/open5gs/charts/open5gs-pcf/values.schema.json	226,246,384,432	GENERATED-PACKAGE-REFERENCE	resource/profile	DEFERRED: immutable legacy reference; not edited or rebuilt
osm-packages/open5gs_knf/helm-chart-v3s/open5gs/charts/open5gs-pcf/values.yaml	47,63,68,112,116,121,149,171,176,180,184,202,207,211,219,227,237,253,269,297,301,325,334,350,374,383,402,415-416,444-445	GENERATED-PACKAGE-REFERENCE	endpoint	DEFERRED: immutable legacy reference; not edited or rebuilt
osm-packages/open5gs_knf/helm-chart-v3s/open5gs/charts/open5gs-pcf/values.yaml	321,370	GENERATED-PACKAGE-REFERENCE	network-address	DEFERRED: immutable legacy reference; not edited or rebuilt
osm-packages/open5gs_knf/helm-chart-v3s/open5gs/charts/open5gs-pcf/values.yaml	24,27,30,67,86,89,156,337,339,341,386,388,390,422,424,451,453,461	GENERATED-PACKAGE-REFERENCE	resource/profile	DEFERRED: immutable legacy reference; not edited or rebuilt
osm-packages/open5gs_knf/helm-chart-v3s/open5gs/charts/open5gs-pcrf/Chart.yaml	7,13,16-17,28	GENERATED-PACKAGE-REFERENCE	endpoint	DEFERRED: immutable legacy reference; not edited or rebuilt
osm-packages/open5gs_knf/helm-chart-v3s/open5gs/charts/open5gs-pcrf/README.md	3,7,17,23-24,109	GENERATED-PACKAGE-REFERENCE	endpoint	DEFERRED: immutable legacy reference; not edited or rebuilt
osm-packages/open5gs_knf/helm-chart-v3s/open5gs/charts/open5gs-pcrf/README.md	92	GENERATED-PACKAGE-REFERENCE	resource/profile	DEFERRED: immutable legacy reference; not edited or rebuilt
osm-packages/open5gs_knf/helm-chart-v3s/open5gs/charts/open5gs-pcrf/resources/config/diameter-pcrf.conf	101,131	GENERATED-PACKAGE-REFERENCE	endpoint	DEFERRED: immutable legacy reference; not edited or rebuilt
osm-packages/open5gs_knf/helm-chart-v3s/open5gs/charts/open5gs-pcrf/resources/config/diameter-pcrf.conf	80,83,256	GENERATED-PACKAGE-REFERENCE	network-address	DEFERRED: immutable legacy reference; not edited or rebuilt
osm-packages/open5gs_knf/helm-chart-v3s/open5gs/charts/open5gs-pcrf/templates/_helpers.tpl	20	GENERATED-PACKAGE-REFERENCE	resource/profile	DEFERRED: immutable legacy reference; not edited or rebuilt
osm-packages/open5gs_knf/helm-chart-v3s/open5gs/charts/open5gs-pcrf/templates/configmap-diameter.yaml	4	GENERATED-PACKAGE-REFERENCE	resource/profile	DEFERRED: immutable legacy reference; not edited or rebuilt
osm-packages/open5gs_knf/helm-chart-v3s/open5gs/charts/open5gs-pcrf/templates/configmap.yaml	4	GENERATED-PACKAGE-REFERENCE	resource/profile	DEFERRED: immutable legacy reference; not edited or rebuilt
osm-packages/open5gs_knf/helm-chart-v3s/open5gs/charts/open5gs-pcrf/templates/deployment.yaml	4-5,71,91,140,143	GENERATED-PACKAGE-REFERENCE	resource/profile	DEFERRED: immutable legacy reference; not edited or rebuilt
osm-packages/open5gs_knf/helm-chart-v3s/open5gs/charts/open5gs-pcrf/templates/hpa.yaml	4,10	GENERATED-PACKAGE-REFERENCE	resource/profile	DEFERRED: immutable legacy reference; not edited or rebuilt
osm-packages/open5gs_knf/helm-chart-v3s/open5gs/charts/open5gs-pcrf/templates/service-frdi.yaml	4-5,27-28,45,47	GENERATED-PACKAGE-REFERENCE	resource/profile	DEFERRED: immutable legacy reference; not edited or rebuilt
osm-packages/open5gs_knf/helm-chart-v3s/open5gs/charts/open5gs-pcrf/templates/serviceaccount.yaml	6	GENERATED-PACKAGE-REFERENCE	resource/profile	DEFERRED: immutable legacy reference; not edited or rebuilt
osm-packages/open5gs_knf/helm-chart-v3s/open5gs/charts/open5gs-pcrf/values.schema.json	2	GENERATED-PACKAGE-REFERENCE	endpoint	DEFERRED: immutable legacy reference; not edited or rebuilt
osm-packages/open5gs_knf/helm-chart-v3s/open5gs/charts/open5gs-pcrf/values.schema.json	262	GENERATED-PACKAGE-REFERENCE	resource/profile	DEFERRED: immutable legacy reference; not edited or rebuilt
osm-packages/open5gs_knf/helm-chart-v3s/open5gs/charts/open5gs-pcrf/values.yaml	47,63,68,107,111,116,144,165,170,174,178,196,201,205,213,221,244,248,272,281,297	GENERATED-PACKAGE-REFERENCE	endpoint	DEFERRED: immutable legacy reference; not edited or rebuilt
osm-packages/open5gs_knf/helm-chart-v3s/open5gs/charts/open5gs-pcrf/values.yaml	268	GENERATED-PACKAGE-REFERENCE	network-address	DEFERRED: immutable legacy reference; not edited or rebuilt
osm-packages/open5gs_knf/helm-chart-v3s/open5gs/charts/open5gs-pcrf/values.yaml	24,27,30,67,82,151,284,286,288,307	GENERATED-PACKAGE-REFERENCE	resource/profile	DEFERRED: immutable legacy reference; not edited or rebuilt
osm-packages/open5gs_knf/helm-chart-v3s/open5gs/charts/open5gs-scp/Chart.yaml	7,13,16-17,28	GENERATED-PACKAGE-REFERENCE	endpoint	DEFERRED: immutable legacy reference; not edited or rebuilt
osm-packages/open5gs_knf/helm-chart-v3s/open5gs/charts/open5gs-scp/README.md	3,7,17,23-24,131	GENERATED-PACKAGE-REFERENCE	endpoint	DEFERRED: immutable legacy reference; not edited or rebuilt
osm-packages/open5gs_knf/helm-chart-v3s/open5gs/charts/open5gs-scp/README.md	108	GENERATED-PACKAGE-REFERENCE	resource/profile	DEFERRED: immutable legacy reference; not edited or rebuilt
osm-packages/open5gs_knf/helm-chart-v3s/open5gs/charts/open5gs-scp/resources/config/scp.yaml	19	GENERATED-PACKAGE-REFERENCE	endpoint	DEFERRED: immutable legacy reference; not edited or rebuilt
osm-packages/open5gs_knf/helm-chart-v3s/open5gs/charts/open5gs-scp/resources/config/scp.yaml	78	GENERATED-PACKAGE-REFERENCE	network-address	DEFERRED: immutable legacy reference; not edited or rebuilt
osm-packages/open5gs_knf/helm-chart-v3s/open5gs/charts/open5gs-scp/resources/config/scp.yaml	88	GENERATED-PACKAGE-REFERENCE	network-address,endpoint	DEFERRED: immutable legacy reference; not edited or rebuilt
osm-packages/open5gs_knf/helm-chart-v3s/open5gs/charts/open5gs-scp/templates/_helpers.tpl	20	GENERATED-PACKAGE-REFERENCE	resource/profile	DEFERRED: immutable legacy reference; not edited or rebuilt
osm-packages/open5gs_knf/helm-chart-v3s/open5gs/charts/open5gs-scp/templates/configmap.yaml	4	GENERATED-PACKAGE-REFERENCE	resource/profile	DEFERRED: immutable legacy reference; not edited or rebuilt
osm-packages/open5gs_knf/helm-chart-v3s/open5gs/charts/open5gs-scp/templates/deployment.yaml	4-5,71,91,166	GENERATED-PACKAGE-REFERENCE	resource/profile	DEFERRED: immutable legacy reference; not edited or rebuilt
osm-packages/open5gs_knf/helm-chart-v3s/open5gs/charts/open5gs-scp/templates/hpa.yaml	4,10	GENERATED-PACKAGE-REFERENCE	resource/profile	DEFERRED: immutable legacy reference; not edited or rebuilt
osm-packages/open5gs_knf/helm-chart-v3s/open5gs/charts/open5gs-scp/templates/service-sbi.yaml	4-5,27-28,44,46	GENERATED-PACKAGE-REFERENCE	resource/profile	DEFERRED: immutable legacy reference; not edited or rebuilt
osm-packages/open5gs_knf/helm-chart-v3s/open5gs/charts/open5gs-scp/templates/serviceaccount.yaml	6	GENERATED-PACKAGE-REFERENCE	resource/profile	DEFERRED: immutable legacy reference; not edited or rebuilt
osm-packages/open5gs_knf/helm-chart-v3s/open5gs/charts/open5gs-scp/values.schema.json	2	GENERATED-PACKAGE-REFERENCE	endpoint	DEFERRED: immutable legacy reference; not edited or rebuilt
osm-packages/open5gs_knf/helm-chart-v3s/open5gs/charts/open5gs-scp/values.schema.json	316	GENERATED-PACKAGE-REFERENCE	resource/profile	DEFERRED: immutable legacy reference; not edited or rebuilt
osm-packages/open5gs_knf/helm-chart-v3s/open5gs/charts/open5gs-scp/values.yaml	47,63,68,109,113,118,146,167,172,176,180,198,203,207,215,223,233,249,265,293,297,321,330,346	GENERATED-PACKAGE-REFERENCE	endpoint	DEFERRED: immutable legacy reference; not edited or rebuilt
osm-packages/open5gs_knf/helm-chart-v3s/open5gs/charts/open5gs-scp/values.yaml	317	GENERATED-PACKAGE-REFERENCE	network-address	DEFERRED: immutable legacy reference; not edited or rebuilt
osm-packages/open5gs_knf/helm-chart-v3s/open5gs/charts/open5gs-scp/values.yaml	24,27,30,67,85,153,333,335,337,356	GENERATED-PACKAGE-REFERENCE	resource/profile	DEFERRED: immutable legacy reference; not edited or rebuilt
osm-packages/open5gs_knf/helm-chart-v3s/open5gs/charts/open5gs-sgwc/Chart.yaml	7,12-13,22	GENERATED-PACKAGE-REFERENCE	endpoint	DEFERRED: immutable legacy reference; not edited or rebuilt
osm-packages/open5gs_knf/helm-chart-v3s/open5gs/charts/open5gs-sgwc/README.md	3,7,17,23,125	GENERATED-PACKAGE-REFERENCE	endpoint	DEFERRED: immutable legacy reference; not edited or rebuilt
osm-packages/open5gs_knf/helm-chart-v3s/open5gs/charts/open5gs-sgwc/README.md	34-35,43	GENERATED-PACKAGE-REFERENCE	network-address	DEFERRED: immutable legacy reference; not edited or rebuilt
osm-packages/open5gs_knf/helm-chart-v3s/open5gs/charts/open5gs-sgwc/README.md	97,108	GENERATED-PACKAGE-REFERENCE	resource/profile	DEFERRED: immutable legacy reference; not edited or rebuilt
osm-packages/open5gs_knf/helm-chart-v3s/open5gs/charts/open5gs-sgwc/templates/_helpers.tpl	20	GENERATED-PACKAGE-REFERENCE	resource/profile	DEFERRED: immutable legacy reference; not edited or rebuilt
osm-packages/open5gs_knf/helm-chart-v3s/open5gs/charts/open5gs-sgwc/templates/configmap.yaml	4	GENERATED-PACKAGE-REFERENCE	resource/profile	DEFERRED: immutable legacy reference; not edited or rebuilt
osm-packages/open5gs_knf/helm-chart-v3s/open5gs/charts/open5gs-sgwc/templates/deployment.yaml	4-5,71,134	GENERATED-PACKAGE-REFERENCE	resource/profile	DEFERRED: immutable legacy reference; not edited or rebuilt
osm-packages/open5gs_knf/helm-chart-v3s/open5gs/charts/open5gs-sgwc/templates/hpa.yaml	4,10	GENERATED-PACKAGE-REFERENCE	resource/profile	DEFERRED: immutable legacy reference; not edited or rebuilt
osm-packages/open5gs_knf/helm-chart-v3s/open5gs/charts/open5gs-sgwc/templates/service-gtpc.yaml	4-5,27-28,45,47	GENERATED-PACKAGE-REFERENCE	resource/profile	DEFERRED: immutable legacy reference; not edited or rebuilt
osm-packages/open5gs_knf/helm-chart-v3s/open5gs/charts/open5gs-sgwc/templates/service-pfcp.yaml	4-5,27-28,45,47	GENERATED-PACKAGE-REFERENCE	resource/profile	DEFERRED: immutable legacy reference; not edited or rebuilt
osm-packages/open5gs_knf/helm-chart-v3s/open5gs/charts/open5gs-sgwc/templates/serviceaccount.yaml	6	GENERATED-PACKAGE-REFERENCE	resource/profile	DEFERRED: immutable legacy reference; not edited or rebuilt
osm-packages/open5gs_knf/helm-chart-v3s/open5gs/charts/open5gs-sgwc/values.schema.json	2	GENERATED-PACKAGE-REFERENCE	endpoint	DEFERRED: immutable legacy reference; not edited or rebuilt
osm-packages/open5gs_knf/helm-chart-v3s/open5gs/charts/open5gs-sgwc/values.schema.json	257,305	GENERATED-PACKAGE-REFERENCE	resource/profile	DEFERRED: immutable legacy reference; not edited or rebuilt
osm-packages/open5gs_knf/helm-chart-v3s/open5gs/charts/open5gs-sgwc/values.yaml	47,63,68,110,114,119,147,169,174,178,182,200,205,209,217,225,247,251,275,284,300,324,333,349	GENERATED-PACKAGE-REFERENCE	endpoint	DEFERRED: immutable legacy reference; not edited or rebuilt
osm-packages/open5gs_knf/helm-chart-v3s/open5gs/charts/open5gs-sgwc/values.yaml	271,320	GENERATED-PACKAGE-REFERENCE	network-address	DEFERRED: immutable legacy reference; not edited or rebuilt
osm-packages/open5gs_knf/helm-chart-v3s/open5gs/charts/open5gs-sgwc/values.yaml	24,27,30,67,84,154,287,289,291,336,338,340	GENERATED-PACKAGE-REFERENCE	resource/profile	DEFERRED: immutable legacy reference; not edited or rebuilt
osm-packages/open5gs_knf/helm-chart-v3s/open5gs/charts/open5gs-sgwu/Chart.yaml	7,12-13,22	GENERATED-PACKAGE-REFERENCE	endpoint	DEFERRED: immutable legacy reference; not edited or rebuilt
osm-packages/open5gs_knf/helm-chart-v3s/open5gs/charts/open5gs-sgwu/README.md	3,7,17,23,119	GENERATED-PACKAGE-REFERENCE	endpoint	DEFERRED: immutable legacy reference; not edited or rebuilt
osm-packages/open5gs_knf/helm-chart-v3s/open5gs/charts/open5gs-sgwu/README.md	91,102	GENERATED-PACKAGE-REFERENCE	resource/profile	DEFERRED: immutable legacy reference; not edited or rebuilt
osm-packages/open5gs_knf/helm-chart-v3s/open5gs/charts/open5gs-sgwu/templates/_helpers.tpl	20	GENERATED-PACKAGE-REFERENCE	resource/profile	DEFERRED: immutable legacy reference; not edited or rebuilt
osm-packages/open5gs_knf/helm-chart-v3s/open5gs/charts/open5gs-sgwu/templates/configmap.yaml	4	GENERATED-PACKAGE-REFERENCE	resource/profile	DEFERRED: immutable legacy reference; not edited or rebuilt
osm-packages/open5gs_knf/helm-chart-v3s/open5gs/charts/open5gs-sgwu/templates/deployment.yaml	4-5,71,134	GENERATED-PACKAGE-REFERENCE	resource/profile	DEFERRED: immutable legacy reference; not edited or rebuilt
osm-packages/open5gs_knf/helm-chart-v3s/open5gs/charts/open5gs-sgwu/templates/hpa.yaml	4,10	GENERATED-PACKAGE-REFERENCE	resource/profile	DEFERRED: immutable legacy reference; not edited or rebuilt
osm-packages/open5gs_knf/helm-chart-v3s/open5gs/charts/open5gs-sgwu/templates/service-gtpu.yaml	4-5,27-28,45,47	GENERATED-PACKAGE-REFERENCE	resource/profile	DEFERRED: immutable legacy reference; not edited or rebuilt
osm-packages/open5gs_knf/helm-chart-v3s/open5gs/charts/open5gs-sgwu/templates/service-pfcp.yaml	4-5,27-28,45,47	GENERATED-PACKAGE-REFERENCE	resource/profile	DEFERRED: immutable legacy reference; not edited or rebuilt
osm-packages/open5gs_knf/helm-chart-v3s/open5gs/charts/open5gs-sgwu/templates/serviceaccount.yaml	6	GENERATED-PACKAGE-REFERENCE	resource/profile	DEFERRED: immutable legacy reference; not edited or rebuilt
osm-packages/open5gs_knf/helm-chart-v3s/open5gs/charts/open5gs-sgwu/values.schema.json	2	GENERATED-PACKAGE-REFERENCE	endpoint	DEFERRED: immutable legacy reference; not edited or rebuilt
osm-packages/open5gs_knf/helm-chart-v3s/open5gs/charts/open5gs-sgwu/values.schema.json	267,315	GENERATED-PACKAGE-REFERENCE	resource/profile	DEFERRED: immutable legacy reference; not edited or rebuilt
osm-packages/open5gs_knf/helm-chart-v3s/open5gs/charts/open5gs-sgwu/values.yaml	47,63,68,113,117,122,150,172,177,181,185,203,208,212,220,228,250,254,278,287,303,327,336,352	GENERATED-PACKAGE-REFERENCE	endpoint	DEFERRED: immutable legacy reference; not edited or rebuilt
osm-packages/open5gs_knf/helm-chart-v3s/open5gs/charts/open5gs-sgwu/values.yaml	274,323	GENERATED-PACKAGE-REFERENCE	network-address	DEFERRED: immutable legacy reference; not edited or rebuilt
osm-packages/open5gs_knf/helm-chart-v3s/open5gs/charts/open5gs-sgwu/values.yaml	24,27,30,67,157,290,292,294,339,341,343	GENERATED-PACKAGE-REFERENCE	resource/profile	DEFERRED: immutable legacy reference; not edited or rebuilt
osm-packages/open5gs_knf/helm-chart-v3s/open5gs/charts/open5gs-smf/Chart.yaml	7,12-13,22	GENERATED-PACKAGE-REFERENCE	endpoint	DEFERRED: immutable legacy reference; not edited or rebuilt
osm-packages/open5gs_knf/helm-chart-v3s/open5gs/charts/open5gs-smf/README.md	3,7,17,23,216	GENERATED-PACKAGE-REFERENCE	endpoint	DEFERRED: immutable legacy reference; not edited or rebuilt
osm-packages/open5gs_knf/helm-chart-v3s/open5gs/charts/open5gs-smf/README.md	34-35,52	GENERATED-PACKAGE-REFERENCE	network-address	DEFERRED: immutable legacy reference; not edited or rebuilt
osm-packages/open5gs_knf/helm-chart-v3s/open5gs/charts/open5gs-smf/README.md	102,107,137,148,159,170,181,192	GENERATED-PACKAGE-REFERENCE	resource/profile	DEFERRED: immutable legacy reference; not edited or rebuilt
osm-packages/open5gs_knf/helm-chart-v3s/open5gs/charts/open5gs-smf/resources/config/diameter-smf.conf	102,133	GENERATED-PACKAGE-REFERENCE	endpoint	DEFERRED: immutable legacy reference; not edited or rebuilt
osm-packages/open5gs_knf/helm-chart-v3s/open5gs/charts/open5gs-smf/resources/config/diameter-smf.conf	81,84,258	GENERATED-PACKAGE-REFERENCE	network-address	DEFERRED: immutable legacy reference; not edited or rebuilt
osm-packages/open5gs_knf/helm-chart-v3s/open5gs/charts/open5gs-smf/resources/config/smf.yaml	20,24,258,279	GENERATED-PACKAGE-REFERENCE	endpoint	DEFERRED: immutable legacy reference; not edited or rebuilt
osm-packages/open5gs_knf/helm-chart-v3s/open5gs/charts/open5gs-smf/resources/config/smf.yaml	212,298,300,307,309,317,319,328,337,343,346,350,357,359-361	GENERATED-PACKAGE-REFERENCE	network-address	DEFERRED: immutable legacy reference; not edited or rebuilt
osm-packages/open5gs_knf/helm-chart-v3s/open5gs/charts/open5gs-smf/resources/config/smf.yaml	222,228,234,236	GENERATED-PACKAGE-REFERENCE	network-address,endpoint	DEFERRED: immutable legacy reference; not edited or rebuilt
osm-packages/open5gs_knf/helm-chart-v3s/open5gs/charts/open5gs-smf/resources/config/smf.yaml	78,85,94,107-109	GENERATED-PACKAGE-REFERENCE	resource/profile	DEFERRED: immutable legacy reference; not edited or rebuilt
osm-packages/open5gs_knf/helm-chart-v3s/open5gs/charts/open5gs-smf/templates/_helpers.tpl	20	GENERATED-PACKAGE-REFERENCE	resource/profile	DEFERRED: immutable legacy reference; not edited or rebuilt
osm-packages/open5gs_knf/helm-chart-v3s/open5gs/charts/open5gs-smf/templates/configmap-diameter.yaml	5	GENERATED-PACKAGE-REFERENCE	resource/profile	DEFERRED: immutable legacy reference; not edited or rebuilt
osm-packages/open5gs_knf/helm-chart-v3s/open5gs/charts/open5gs-smf/templates/configmap.yaml	4	GENERATED-PACKAGE-REFERENCE	resource/profile	DEFERRED: immutable legacy reference; not edited or rebuilt
osm-packages/open5gs_knf/helm-chart-v3s/open5gs/charts/open5gs-smf/templates/deployment.yaml	4-5,71,182,186	GENERATED-PACKAGE-REFERENCE	resource/profile	DEFERRED: immutable legacy reference; not edited or rebuilt
osm-packages/open5gs_knf/helm-chart-v3s/open5gs/charts/open5gs-smf/templates/hpa.yaml	4,10	GENERATED-PACKAGE-REFERENCE	resource/profile	DEFERRED: immutable legacy reference; not edited or rebuilt
osm-packages/open5gs_knf/helm-chart-v3s/open5gs/charts/open5gs-smf/templates/service-frdi.yaml	5-6,28-29,46,48	GENERATED-PACKAGE-REFERENCE	resource/profile	DEFERRED: immutable legacy reference; not edited or rebuilt
osm-packages/open5gs_knf/helm-chart-v3s/open5gs/charts/open5gs-smf/templates/service-gtpc.yaml	4-5,27-28,45,47	GENERATED-PACKAGE-REFERENCE	resource/profile	DEFERRED: immutable legacy reference; not edited or rebuilt
osm-packages/open5gs_knf/helm-chart-v3s/open5gs/charts/open5gs-smf/templates/service-gtpu.yaml	4-5,27-28,45,47	GENERATED-PACKAGE-REFERENCE	resource/profile	DEFERRED: immutable legacy reference; not edited or rebuilt
osm-packages/open5gs_knf/helm-chart-v3s/open5gs/charts/open5gs-smf/templates/service-metrics.yaml	5-6,29-30,46,48	GENERATED-PACKAGE-REFERENCE	resource/profile	DEFERRED: immutable legacy reference; not edited or rebuilt
osm-packages/open5gs_knf/helm-chart-v3s/open5gs/charts/open5gs-smf/templates/service-pfcp.yaml	4-5,27-28,45,47	GENERATED-PACKAGE-REFERENCE	resource/profile	DEFERRED: immutable legacy reference; not edited or rebuilt
osm-packages/open5gs_knf/helm-chart-v3s/open5gs/charts/open5gs-smf/templates/service-sbi.yaml	4-5,27-28,45,47	GENERATED-PACKAGE-REFERENCE	resource/profile	DEFERRED: immutable legacy reference; not edited or rebuilt
osm-packages/open5gs_knf/helm-chart-v3s/open5gs/charts/open5gs-smf/templates/serviceaccount.yaml	6	GENERATED-PACKAGE-REFERENCE	resource/profile	DEFERRED: immutable legacy reference; not edited or rebuilt
osm-packages/open5gs_knf/helm-chart-v3s/open5gs/charts/open5gs-smf/templates/servicemonitor.yaml	5-6	GENERATED-PACKAGE-REFERENCE	resource/profile	DEFERRED: immutable legacy reference; not edited or rebuilt
osm-packages/open5gs_knf/helm-chart-v3s/open5gs/charts/open5gs-smf/templates/vmservicescrape.yaml	5-6	GENERATED-PACKAGE-REFERENCE	resource/profile	DEFERRED: immutable legacy reference; not edited or rebuilt
osm-packages/open5gs_knf/helm-chart-v3s/open5gs/charts/open5gs-smf/values.schema.json	2	GENERATED-PACKAGE-REFERENCE	endpoint	DEFERRED: immutable legacy reference; not edited or rebuilt
osm-packages/open5gs_knf/helm-chart-v3s/open5gs/charts/open5gs-smf/values.schema.json	290,310,435,483,531,584,632,680	GENERATED-PACKAGE-REFERENCE	resource/profile	DEFERRED: immutable legacy reference; not edited or rebuilt
osm-packages/open5gs_knf/helm-chart-v3s/open5gs/charts/open5gs-smf/values.yaml	47,63,68,132,136,141,169,195,200,204,208,226,231,235,243,251,261,278,294,322,326,350,359,375,399,408,424,448,457,473,497,506,522,546,555,571,595,604,623,636-637,665-666	GENERATED-PACKAGE-REFERENCE	endpoint	DEFERRED: immutable legacy reference; not edited or rebuilt
osm-packages/open5gs_knf/helm-chart-v3s/open5gs/charts/open5gs-smf/values.yaml	99-100,104-105,346,395,444,493,542,591	GENERATED-PACKAGE-REFERENCE	network-address	DEFERRED: immutable legacy reference; not edited or rebuilt
osm-packages/open5gs_knf/helm-chart-v3s/open5gs/charts/open5gs-smf/values.yaml	24,27,30,67,86,89,92,96,176,362,364,366,411,413,415,460,462,464,509,511,513,558,560,562,607,609,611,643,645,672,674	GENERATED-PACKAGE-REFERENCE	resource/profile	DEFERRED: immutable legacy reference; not edited or rebuilt
osm-packages/open5gs_knf/helm-chart-v3s/open5gs/charts/open5gs-udm/Chart.yaml	7,12-13,23	GENERATED-PACKAGE-REFERENCE	endpoint	DEFERRED: immutable legacy reference; not edited or rebuilt
osm-packages/open5gs_knf/helm-chart-v3s/open5gs/charts/open5gs-udm/README.md	3,7,17,23,130	GENERATED-PACKAGE-REFERENCE	endpoint	DEFERRED: immutable legacy reference; not edited or rebuilt
osm-packages/open5gs_knf/helm-chart-v3s/open5gs/charts/open5gs-udm/README.md	107	GENERATED-PACKAGE-REFERENCE	resource/profile	DEFERRED: immutable legacy reference; not edited or rebuilt
osm-packages/open5gs_knf/helm-chart-v3s/open5gs/charts/open5gs-udm/resources/config/udm.yaml	38,42,145,166	GENERATED-PACKAGE-REFERENCE	endpoint	DEFERRED: immutable legacy reference; not edited or rebuilt
osm-packages/open5gs_knf/helm-chart-v3s/open5gs/charts/open5gs-udm/resources/config/udm.yaml	99	GENERATED-PACKAGE-REFERENCE	network-address	DEFERRED: immutable legacy reference; not edited or rebuilt
osm-packages/open5gs_knf/helm-chart-v3s/open5gs/charts/open5gs-udm/resources/config/udm.yaml	109,115,121,123	GENERATED-PACKAGE-REFERENCE	network-address,endpoint	DEFERRED: immutable legacy reference; not edited or rebuilt
osm-packages/open5gs_knf/helm-chart-v3s/open5gs/charts/open5gs-udm/templates/_helpers.tpl	20	GENERATED-PACKAGE-REFERENCE	resource/profile	DEFERRED: immutable legacy reference; not edited or rebuilt
osm-packages/open5gs_knf/helm-chart-v3s/open5gs/charts/open5gs-udm/templates/configmap.yaml	4	GENERATED-PACKAGE-REFERENCE	resource/profile	DEFERRED: immutable legacy reference; not edited or rebuilt
osm-packages/open5gs_knf/helm-chart-v3s/open5gs/charts/open5gs-udm/templates/deployment.yaml	4-5,71,160	GENERATED-PACKAGE-REFERENCE	resource/profile	DEFERRED: immutable legacy reference; not edited or rebuilt
osm-packages/open5gs_knf/helm-chart-v3s/open5gs/charts/open5gs-udm/templates/hpa.yaml	4,10	GENERATED-PACKAGE-REFERENCE	resource/profile	DEFERRED: immutable legacy reference; not edited or rebuilt
osm-packages/open5gs_knf/helm-chart-v3s/open5gs/charts/open5gs-udm/templates/service-sbi.yaml	4-5,27-28,45,47	GENERATED-PACKAGE-REFERENCE	resource/profile	DEFERRED: immutable legacy reference; not edited or rebuilt
osm-packages/open5gs_knf/helm-chart-v3s/open5gs/charts/open5gs-udm/templates/serviceaccount.yaml	6	GENERATED-PACKAGE-REFERENCE	resource/profile	DEFERRED: immutable legacy reference; not edited or rebuilt
osm-packages/open5gs_knf/helm-chart-v3s/open5gs/charts/open5gs-udm/values.schema.json	2	GENERATED-PACKAGE-REFERENCE	endpoint	DEFERRED: immutable legacy reference; not edited or rebuilt
osm-packages/open5gs_knf/helm-chart-v3s/open5gs/charts/open5gs-udm/values.schema.json	311	GENERATED-PACKAGE-REFERENCE	resource/profile	DEFERRED: immutable legacy reference; not edited or rebuilt
osm-packages/open5gs_knf/helm-chart-v3s/open5gs/charts/open5gs-udm/values.yaml	47,63,68,112,116,121,149,170,175,179,183,201,206,210,218,226,236,252,268,296,300,324,333,349	GENERATED-PACKAGE-REFERENCE	endpoint	DEFERRED: immutable legacy reference; not edited or rebuilt
osm-packages/open5gs_knf/helm-chart-v3s/open5gs/charts/open5gs-udm/values.yaml	320	GENERATED-PACKAGE-REFERENCE	network-address	DEFERRED: immutable legacy reference; not edited or rebuilt
osm-packages/open5gs_knf/helm-chart-v3s/open5gs/charts/open5gs-udm/values.yaml	24,27,30,67,86,89,156,336,338,340	GENERATED-PACKAGE-REFERENCE	resource/profile	DEFERRED: immutable legacy reference; not edited or rebuilt
osm-packages/open5gs_knf/helm-chart-v3s/open5gs/charts/open5gs-udr/Chart.yaml	7,13,16-17,27	GENERATED-PACKAGE-REFERENCE	endpoint	DEFERRED: immutable legacy reference; not edited or rebuilt
osm-packages/open5gs_knf/helm-chart-v3s/open5gs/charts/open5gs-udr/README.md	3,7,17,23-24,134	GENERATED-PACKAGE-REFERENCE	endpoint	DEFERRED: immutable legacy reference; not edited or rebuilt
osm-packages/open5gs_knf/helm-chart-v3s/open5gs/charts/open5gs-udr/README.md	111	GENERATED-PACKAGE-REFERENCE	resource/profile	DEFERRED: immutable legacy reference; not edited or rebuilt
osm-packages/open5gs_knf/helm-chart-v3s/open5gs/charts/open5gs-udr/resources/config/udr.yaml	19,23,85,106	GENERATED-PACKAGE-REFERENCE	endpoint	DEFERRED: immutable legacy reference; not edited or rebuilt
osm-packages/open5gs_knf/helm-chart-v3s/open5gs/charts/open5gs-udr/resources/config/udr.yaml	39	GENERATED-PACKAGE-REFERENCE	network-address	DEFERRED: immutable legacy reference; not edited or rebuilt
osm-packages/open5gs_knf/helm-chart-v3s/open5gs/charts/open5gs-udr/resources/config/udr.yaml	49,55,61,63	GENERATED-PACKAGE-REFERENCE	network-address,endpoint	DEFERRED: immutable legacy reference; not edited or rebuilt
osm-packages/open5gs_knf/helm-chart-v3s/open5gs/charts/open5gs-udr/templates/_helpers.tpl	20	GENERATED-PACKAGE-REFERENCE	resource/profile	DEFERRED: immutable legacy reference; not edited or rebuilt
osm-packages/open5gs_knf/helm-chart-v3s/open5gs/charts/open5gs-udr/templates/configmap.yaml	4	GENERATED-PACKAGE-REFERENCE	resource/profile	DEFERRED: immutable legacy reference; not edited or rebuilt
osm-packages/open5gs_knf/helm-chart-v3s/open5gs/charts/open5gs-udr/templates/deployment.yaml	4-5,71,91,166	GENERATED-PACKAGE-REFERENCE	resource/profile	DEFERRED: immutable legacy reference; not edited or rebuilt
osm-packages/open5gs_knf/helm-chart-v3s/open5gs/charts/open5gs-udr/templates/hpa.yaml	4,10	GENERATED-PACKAGE-REFERENCE	resource/profile	DEFERRED: immutable legacy reference; not edited or rebuilt
osm-packages/open5gs_knf/helm-chart-v3s/open5gs/charts/open5gs-udr/templates/service-sbi.yaml	4-5,27-28,45,47	GENERATED-PACKAGE-REFERENCE	resource/profile	DEFERRED: immutable legacy reference; not edited or rebuilt
osm-packages/open5gs_knf/helm-chart-v3s/open5gs/charts/open5gs-udr/templates/serviceaccount.yaml	6	GENERATED-PACKAGE-REFERENCE	resource/profile	DEFERRED: immutable legacy reference; not edited or rebuilt
osm-packages/open5gs_knf/helm-chart-v3s/open5gs/charts/open5gs-udr/values.schema.json	2	GENERATED-PACKAGE-REFERENCE	endpoint	DEFERRED: immutable legacy reference; not edited or rebuilt
osm-packages/open5gs_knf/helm-chart-v3s/open5gs/charts/open5gs-udr/values.schema.json	330	GENERATED-PACKAGE-REFERENCE	resource/profile	DEFERRED: immutable legacy reference; not edited or rebuilt
osm-packages/open5gs_knf/helm-chart-v3s/open5gs/charts/open5gs-udr/values.yaml	47,63,68,112,116,121,149,170,175,179,183,201,206,210,218,226,236,252,268,296,300,324,333,349	GENERATED-PACKAGE-REFERENCE	endpoint	DEFERRED: immutable legacy reference; not edited or rebuilt
osm-packages/open5gs_knf/helm-chart-v3s/open5gs/charts/open5gs-udr/values.yaml	320	GENERATED-PACKAGE-REFERENCE	network-address	DEFERRED: immutable legacy reference; not edited or rebuilt
osm-packages/open5gs_knf/helm-chart-v3s/open5gs/charts/open5gs-udr/values.yaml	24,27,30,67,86,89,156,336,338,340,360	GENERATED-PACKAGE-REFERENCE	resource/profile	DEFERRED: immutable legacy reference; not edited or rebuilt
osm-packages/open5gs_knf/helm-chart-v3s/open5gs/charts/open5gs-upf/Chart.yaml	7,12-13,23	GENERATED-PACKAGE-REFERENCE	endpoint	DEFERRED: immutable legacy reference; not edited or rebuilt
osm-packages/open5gs_knf/helm-chart-v3s/open5gs/charts/open5gs-upf/README.md	3,7,17,23,151	GENERATED-PACKAGE-REFERENCE	endpoint	DEFERRED: immutable legacy reference; not edited or rebuilt
osm-packages/open5gs_knf/helm-chart-v3s/open5gs/charts/open5gs-upf/README.md	37	GENERATED-PACKAGE-REFERENCE	network-address	DEFERRED: immutable legacy reference; not edited or rebuilt
osm-packages/open5gs_knf/helm-chart-v3s/open5gs/charts/open5gs-upf/README.md	82,87,112,123,134	GENERATED-PACKAGE-REFERENCE	resource/profile	DEFERRED: immutable legacy reference; not edited or rebuilt
osm-packages/open5gs_knf/helm-chart-v3s/open5gs/charts/open5gs-upf/resources/config/upf.yaml	56,62,72-73,75,79,84	GENERATED-PACKAGE-REFERENCE	network-address	DEFERRED: immutable legacy reference; not edited or rebuilt
osm-packages/open5gs_knf/helm-chart-v3s/open5gs/charts/open5gs-upf/templates/_helpers.tpl	20	GENERATED-PACKAGE-REFERENCE	resource/profile	DEFERRED: immutable legacy reference; not edited or rebuilt
osm-packages/open5gs_knf/helm-chart-v3s/open5gs/charts/open5gs-upf/templates/configmap-entrypoint.yaml	4	GENERATED-PACKAGE-REFERENCE	resource/profile	DEFERRED: immutable legacy reference; not edited or rebuilt
osm-packages/open5gs_knf/helm-chart-v3s/open5gs/charts/open5gs-upf/templates/configmap.yaml	4	GENERATED-PACKAGE-REFERENCE	resource/profile	DEFERRED: immutable legacy reference; not edited or rebuilt
osm-packages/open5gs_knf/helm-chart-v3s/open5gs/charts/open5gs-upf/templates/deployment.yaml	4-5,89,154,157	GENERATED-PACKAGE-REFERENCE	resource/profile	DEFERRED: immutable legacy reference; not edited or rebuilt
osm-packages/open5gs_knf/helm-chart-v3s/open5gs/charts/open5gs-upf/templates/hpa.yaml	4,10	GENERATED-PACKAGE-REFERENCE	resource/profile	DEFERRED: immutable legacy reference; not edited or rebuilt
osm-packages/open5gs_knf/helm-chart-v3s/open5gs/charts/open5gs-upf/templates/service-gtpu.yaml	4-5,27-28,45,47	GENERATED-PACKAGE-REFERENCE	resource/profile	DEFERRED: immutable legacy reference; not edited or rebuilt
osm-packages/open5gs_knf/helm-chart-v3s/open5gs/charts/open5gs-upf/templates/service-metrics.yaml	5-6,29-30,46,48	GENERATED-PACKAGE-REFERENCE	resource/profile	DEFERRED: immutable legacy reference; not edited or rebuilt
osm-packages/open5gs_knf/helm-chart-v3s/open5gs/charts/open5gs-upf/templates/service-pfcp.yaml	4-5,27-28,45,47	GENERATED-PACKAGE-REFERENCE	resource/profile	DEFERRED: immutable legacy reference; not edited or rebuilt
osm-packages/open5gs_knf/helm-chart-v3s/open5gs/charts/open5gs-upf/templates/serviceaccount.yaml	6	GENERATED-PACKAGE-REFERENCE	resource/profile	DEFERRED: immutable legacy reference; not edited or rebuilt
osm-packages/open5gs_knf/helm-chart-v3s/open5gs/charts/open5gs-upf/templates/servicemonitor.yaml	5-6	GENERATED-PACKAGE-REFERENCE	resource/profile	DEFERRED: immutable legacy reference; not edited or rebuilt
osm-packages/open5gs_knf/helm-chart-v3s/open5gs/charts/open5gs-upf/templates/vmservicescrape.yaml	5-6	GENERATED-PACKAGE-REFERENCE	resource/profile	DEFERRED: immutable legacy reference; not edited or rebuilt
osm-packages/open5gs_knf/helm-chart-v3s/open5gs/charts/open5gs-upf/values.schema.json	2	GENERATED-PACKAGE-REFERENCE	endpoint	DEFERRED: immutable legacy reference; not edited or rebuilt
osm-packages/open5gs_knf/helm-chart-v3s/open5gs/charts/open5gs-upf/values.schema.json	218,238,348,401,449	GENERATED-PACKAGE-REFERENCE	resource/profile	DEFERRED: immutable legacy reference; not edited or rebuilt
osm-packages/open5gs_knf/helm-chart-v3s/open5gs/charts/open5gs-upf/values.yaml	47,63,68,116,120,125,153,176,181,185,189,207,212,216,224,232,246,263,279,307,311,335,344,360,384,393,409,433,442,461,474-475,503-504	GENERATED-PACKAGE-REFERENCE	endpoint	DEFERRED: immutable legacy reference; not edited or rebuilt
osm-packages/open5gs_knf/helm-chart-v3s/open5gs/charts/open5gs-upf/values.yaml	86-87,331,380,429	GENERATED-PACKAGE-REFERENCE	network-address	DEFERRED: immutable legacy reference; not edited or rebuilt
osm-packages/open5gs_knf/helm-chart-v3s/open5gs/charts/open5gs-upf/values.yaml	24,27,30,67,160,347,349,351,396,398,400,445,447,449,481,483,510,512	GENERATED-PACKAGE-REFERENCE	resource/profile	DEFERRED: immutable legacy reference; not edited or rebuilt
osm-packages/open5gs_knf/helm-chart-v3s/open5gs/charts/open5gs-webui/Chart.yaml	7,13,16-17,29	GENERATED-PACKAGE-REFERENCE	endpoint	DEFERRED: immutable legacy reference; not edited or rebuilt
osm-packages/open5gs_knf/helm-chart-v3s/open5gs/charts/open5gs-webui/README.md	3,7,18,24-25,137	GENERATED-PACKAGE-REFERENCE	endpoint	DEFERRED: immutable legacy reference; not edited or rebuilt
osm-packages/open5gs_knf/helm-chart-v3s/open5gs/charts/open5gs-webui/README.md	114	GENERATED-PACKAGE-REFERENCE	resource/profile	DEFERRED: immutable legacy reference; not edited or rebuilt
osm-packages/open5gs_knf/helm-chart-v3s/open5gs/charts/open5gs-webui/templates/_helpers.tpl	20	GENERATED-PACKAGE-REFERENCE	resource/profile	DEFERRED: immutable legacy reference; not edited or rebuilt
osm-packages/open5gs_knf/helm-chart-v3s/open5gs/charts/open5gs-webui/templates/configmap.yaml	4	GENERATED-PACKAGE-REFERENCE	resource/profile	DEFERRED: immutable legacy reference; not edited or rebuilt
osm-packages/open5gs_knf/helm-chart-v3s/open5gs/charts/open5gs-webui/templates/deployment.yaml	4-5,74,87,104,178	GENERATED-PACKAGE-REFERENCE	resource/profile	DEFERRED: immutable legacy reference; not edited or rebuilt
osm-packages/open5gs_knf/helm-chart-v3s/open5gs/charts/open5gs-webui/templates/ingress.yaml	6,24	GENERATED-PACKAGE-REFERENCE	resource/profile	DEFERRED: immutable legacy reference; not edited or rebuilt
osm-packages/open5gs_knf/helm-chart-v3s/open5gs/charts/open5gs-webui/templates/service-http.yaml	4-5,27-28,45,47	GENERATED-PACKAGE-REFERENCE	resource/profile	DEFERRED: immutable legacy reference; not edited or rebuilt
osm-packages/open5gs_knf/helm-chart-v3s/open5gs/charts/open5gs-webui/templates/serviceaccount.yaml	6	GENERATED-PACKAGE-REFERENCE	resource/profile	DEFERRED: immutable legacy reference; not edited or rebuilt
osm-packages/open5gs_knf/helm-chart-v3s/open5gs/charts/open5gs-webui/values.schema.json	2	GENERATED-PACKAGE-REFERENCE	endpoint	DEFERRED: immutable legacy reference; not edited or rebuilt
osm-packages/open5gs_knf/helm-chart-v3s/open5gs/charts/open5gs-webui/values.schema.json	325	GENERATED-PACKAGE-REFERENCE	resource/profile	DEFERRED: immutable legacy reference; not edited or rebuilt
osm-packages/open5gs_knf/helm-chart-v3s/open5gs/charts/open5gs-webui/values.yaml	47,63,68,98,102,107,135,156,161,165,169,187,192,196,204,212,222,238,254,282,286,310,319,335,357,367,369,397,419	GENERATED-PACKAGE-REFERENCE	endpoint	DEFERRED: immutable legacy reference; not edited or rebuilt
osm-packages/open5gs_knf/helm-chart-v3s/open5gs/charts/open5gs-webui/values.yaml	306	GENERATED-PACKAGE-REFERENCE	network-address	DEFERRED: immutable legacy reference; not edited or rebuilt
osm-packages/open5gs_knf/helm-chart-v3s/open5gs/charts/open5gs-webui/values.yaml	24,27,30,67,142,322,324,326,433	GENERATED-PACKAGE-REFERENCE	resource/profile	DEFERRED: immutable legacy reference; not edited or rebuilt
osm-packages/open5gs_knf/helm-chart-v3s/open5gs/templates/amf-stable-svc.yaml	4	GENERATED-PACKAGE-REFERENCE	deployment-identities	DEFERRED: immutable legacy reference; not edited or rebuilt
osm-packages/open5gs_knf/helm-chart-v3s/open5gs/templates/amf-stable-svc.yaml	5	GENERATED-PACKAGE-REFERENCE	resource/profile	DEFERRED: immutable legacy reference; not edited or rebuilt
osm-packages/open5gs_knf/helm-chart-v3s/open5gs/templates/populate-deployment.yaml	5-6	GENERATED-PACKAGE-REFERENCE	resource/profile	DEFERRED: immutable legacy reference; not edited or rebuilt
osm-packages/open5gs_knf/helm-chart-v3s/open5gs/values.yaml	168,231,252	GENERATED-PACKAGE-REFERENCE	endpoint	DEFERRED: immutable legacy reference; not edited or rebuilt
osm-packages/open5gs_knf/helm-chart-v3s/open5gs/values.yaml	35-36,38-39,41-42,45,61-62,68-69,75-76	GENERATED-PACKAGE-REFERENCE	network-address	DEFERRED: immutable legacy reference; not edited or rebuilt
osm-packages/oran_oai_knf/helm-chart-v3s/oai-cu/Chart.yaml	2	GENERATED-PACKAGE-REFERENCE	deployment-identities	DEFERRED: immutable legacy reference; not edited or rebuilt
osm-packages/oran_oai_knf/helm-chart-v3s/oai-cu/templates/cu.yaml	4,12-13,93,95,102,106,119,122,126,132,135	GENERATED-PACKAGE-REFERENCE	deployment-identities	DEFERRED: immutable legacy reference; not edited or rebuilt
osm-packages/oran_oai_knf/helm-chart-v3s/oai-cu/templates/cu.yaml	37	GENERATED-PACKAGE-REFERENCE	network-address	DEFERRED: immutable legacy reference; not edited or rebuilt
osm-packages/oran_oai_knf/helm-chart-v3s/oai-cu/values.yaml	2,30	GENERATED-PACKAGE-REFERENCE	deployment-identities	DEFERRED: immutable legacy reference; not edited or rebuilt
osm-packages/oran_oai_knf/helm-chart-v3s/oai-cu/values.yaml	18	GENERATED-PACKAGE-REFERENCE	interface	DEFERRED: immutable legacy reference; not edited or rebuilt
osm-packages/oran_oai_knf/helm-chart-v3s/oai-cu/values.yaml	12	GENERATED-PACKAGE-REFERENCE	network-address	DEFERRED: immutable legacy reference; not edited or rebuilt
osm-packages/oran_oai_knf/helm-chart-v3s/oai-du/Chart.yaml	2	GENERATED-PACKAGE-REFERENCE	deployment-identities	DEFERRED: immutable legacy reference; not edited or rebuilt
osm-packages/oran_oai_knf/helm-chart-v3s/oai-du/templates/du.yaml	4,9,12-13,231,233,240,244,256,259,263,269,272	GENERATED-PACKAGE-REFERENCE	deployment-identities	DEFERRED: immutable legacy reference; not edited or rebuilt
osm-packages/oran_oai_knf/helm-chart-v3s/oai-du/templates/du.yaml	224	GENERATED-PACKAGE-REFERENCE	external-radio/IMS/RIC	DEFERRED: immutable legacy reference; not edited or rebuilt
osm-packages/oran_oai_knf/helm-chart-v3s/oai-du/templates/du.yaml	223	GENERATED-PACKAGE-REFERENCE	network-address	DEFERRED: immutable legacy reference; not edited or rebuilt
osm-packages/oran_oai_knf/helm-chart-v3s/oai-du/values.yaml	2,12	GENERATED-PACKAGE-REFERENCE	deployment-identities	DEFERRED: immutable legacy reference; not edited or rebuilt
osm-packages/oran_oai_knf/helm-chart-v3s/oai-du/values.yaml	16	GENERATED-PACKAGE-REFERENCE	interface	DEFERRED: immutable legacy reference; not edited or rebuilt
osm-packages/oran_oai_knf/oran_oai_knf_vnfd.yaml	13-16	GENERATED-PACKAGE-REFERENCE	deployment-identities	DEFERRED: immutable legacy reference; not edited or rebuilt
osm-packages/oran_srsran_knf/helm-chart-v3s/cu/Chart.yaml	2	GENERATED-PACKAGE-REFERENCE	deployment-identities	DEFERRED: immutable legacy reference; not edited or rebuilt
osm-packages/oran_srsran_knf/helm-chart-v3s/cu/templates/cu.yaml	4,35,37,44,48,65,71,74	GENERATED-PACKAGE-REFERENCE	deployment-identities	DEFERRED: immutable legacy reference; not edited or rebuilt
osm-packages/oran_srsran_knf/helm-chart-v3s/cu/templates/cu.yaml	17,20	GENERATED-PACKAGE-REFERENCE	external-radio/IMS/RIC	DEFERRED: immutable legacy reference; not edited or rebuilt
osm-packages/oran_srsran_knf/helm-chart-v3s/cu/values.yaml	3	GENERATED-PACKAGE-REFERENCE	deployment-identities	DEFERRED: immutable legacy reference; not edited or rebuilt
osm-packages/oran_srsran_knf/helm-chart-v3s/du/Chart.yaml	2	GENERATED-PACKAGE-REFERENCE	deployment-identities	DEFERRED: immutable legacy reference; not edited or rebuilt
osm-packages/oran_srsran_knf/helm-chart-v3s/du/templates/du.yaml	4,9,42,44,51,55,72,78,81	GENERATED-PACKAGE-REFERENCE	deployment-identities	DEFERRED: immutable legacy reference; not edited or rebuilt
osm-packages/oran_srsran_knf/helm-chart-v3s/du/templates/du.yaml	17	GENERATED-PACKAGE-REFERENCE	external-radio/IMS/RIC	DEFERRED: immutable legacy reference; not edited or rebuilt
osm-packages/oran_srsran_knf/helm-chart-v3s/du/templates/du.yaml	31	GENERATED-PACKAGE-REFERENCE	network-address	DEFERRED: immutable legacy reference; not edited or rebuilt
osm-packages/vcran_oai_knf/helm-chart-v3s/cu/Chart.yaml	2	GENERATED-PACKAGE-REFERENCE	deployment-identities	DEFERRED: immutable legacy reference; not edited or rebuilt
osm-packages/vcran_oai_knf/helm-chart-v3s/cu/templates/cu.yaml	4,12-13,93,95,102,106,120,128,133,137,143,146	GENERATED-PACKAGE-REFERENCE	deployment-identities	DEFERRED: immutable legacy reference; not edited or rebuilt
osm-packages/vcran_oai_knf/helm-chart-v3s/cu/templates/cu.yaml	37	GENERATED-PACKAGE-REFERENCE	network-address	DEFERRED: immutable legacy reference; not edited or rebuilt
osm-packages/vcran_oai_knf/helm-chart-v3s/cu/templates/hpa.yaml	5,8	GENERATED-PACKAGE-REFERENCE	deployment-identities	DEFERRED: immutable legacy reference; not edited or rebuilt
osm-packages/vcran_oai_knf/helm-chart-v3s/cu/values.yaml	2,41	GENERATED-PACKAGE-REFERENCE	deployment-identities	DEFERRED: immutable legacy reference; not edited or rebuilt
osm-packages/vcran_oai_knf/helm-chart-v3s/cu/values.yaml	30	GENERATED-PACKAGE-REFERENCE	interface	DEFERRED: immutable legacy reference; not edited or rebuilt
osm-packages/vcran_oai_knf/helm-chart-v3s/du/Chart.yaml	2	GENERATED-PACKAGE-REFERENCE	deployment-identities	DEFERRED: immutable legacy reference; not edited or rebuilt
osm-packages/vcran_oai_knf/helm-chart-v3s/du/templates/du.yaml	4,9,12-13,231,233,240,244,256,259,263,269,272	GENERATED-PACKAGE-REFERENCE	deployment-identities	DEFERRED: immutable legacy reference; not edited or rebuilt
osm-packages/vcran_oai_knf/helm-chart-v3s/du/templates/du.yaml	224	GENERATED-PACKAGE-REFERENCE	external-radio/IMS/RIC	DEFERRED: immutable legacy reference; not edited or rebuilt
osm-packages/vcran_oai_knf/helm-chart-v3s/du/templates/du.yaml	223	GENERATED-PACKAGE-REFERENCE	network-address	DEFERRED: immutable legacy reference; not edited or rebuilt
osm-packages/vcran_oai_knf/helm-chart-v3s/du/values.yaml	2,12	GENERATED-PACKAGE-REFERENCE	deployment-identities	DEFERRED: immutable legacy reference; not edited or rebuilt
osm-packages/vcran_oai_knf/helm-chart-v3s/du/values.yaml	16	GENERATED-PACKAGE-REFERENCE	interface	DEFERRED: immutable legacy reference; not edited or rebuilt
osm-packages/vcran_srsran_knf/helm-chart-v3s/cu/Chart.yaml	2	GENERATED-PACKAGE-REFERENCE	deployment-identities	DEFERRED: immutable legacy reference; not edited or rebuilt
osm-packages/vcran_srsran_knf/helm-chart-v3s/cu/templates/cu.yaml	4,35,37,44,48,59,76,82,85	GENERATED-PACKAGE-REFERENCE	deployment-identities	DEFERRED: immutable legacy reference; not edited or rebuilt
osm-packages/vcran_srsran_knf/helm-chart-v3s/cu/templates/cu.yaml	17,20	GENERATED-PACKAGE-REFERENCE	external-radio/IMS/RIC	DEFERRED: immutable legacy reference; not edited or rebuilt
osm-packages/vcran_srsran_knf/helm-chart-v3s/cu/templates/hpa.yaml	5,13	GENERATED-PACKAGE-REFERENCE	deployment-identities	DEFERRED: immutable legacy reference; not edited or rebuilt
osm-packages/vcran_srsran_knf/helm-chart-v3s/cu/values.yaml	19	GENERATED-PACKAGE-REFERENCE	deployment-identities	DEFERRED: immutable legacy reference; not edited or rebuilt
osm-packages/vcran_srsran_knf/helm-chart-v3s/du/Chart.yaml	2	GENERATED-PACKAGE-REFERENCE	deployment-identities	DEFERRED: immutable legacy reference; not edited or rebuilt
osm-packages/vcran_srsran_knf/helm-chart-v3s/du/templates/du.yaml	4,9,42,44,51,55,72,78,81	GENERATED-PACKAGE-REFERENCE	deployment-identities	DEFERRED: immutable legacy reference; not edited or rebuilt
osm-packages/vcran_srsran_knf/helm-chart-v3s/du/templates/du.yaml	17	GENERATED-PACKAGE-REFERENCE	external-radio/IMS/RIC	DEFERRED: immutable legacy reference; not edited or rebuilt
osm-packages/vcran_srsran_knf/helm-chart-v3s/du/templates/du.yaml	31	GENERATED-PACKAGE-REFERENCE	network-address	DEFERRED: immutable legacy reference; not edited or rebuilt
ran-selector/active-ran.yaml	10,12	ACTIVE	uuid	PARTIALLY FIXED: runtime consumers retired this file; tracked historical state preserved pending explicit untracking review
ran-selector/backend.py	41-42,45-48,50-58,340,609,860,881,905-909	ACTIVE	deployment-identities	FIXED: shared contract/state/discovery, or canonical upstream URL/component identity retained
ran-selector/backend.py	815	ACTIVE	endpoint	FIXED: shared contract/state/discovery, or canonical upstream URL/component identity retained
ran-selector/backend.py	936	ACTIVE	network-address	FIXED: shared contract/state/discovery, or canonical upstream URL/component identity retained
ran-selector/backend.py	10,919	ACTIVE	reference-path	FIXED: shared contract/state/discovery, or canonical upstream URL/component identity retained
ran-selector/backend.py	895	ACTIVE	resource/profile	FIXED: shared contract/state/discovery, or canonical upstream URL/component identity retained
ran-selector/backend.py	12	ACTIVE	uuid	FIXED: shared contract/state/discovery, or canonical upstream URL/component identity retained
ran-selector/index.html	583	ACTIVE	deployment-identities	FIXED: shared contract/state/discovery, or canonical upstream URL/component identity retained
ran-selector/index.html	529,973,1130-1131	ACTIVE	network-address,endpoint	FIXED: shared contract/state/discovery, or canonical upstream URL/component identity retained
ran-selector/index.html	571,886,897,903,932,938	ACTIVE	resource/profile	FIXED: shared contract/state/discovery, or canonical upstream URL/component identity retained
ran-selector/osm_client.py	14,22	ACTIVE	credential-setting	FIXED: shared contract/state/discovery, or canonical upstream URL/component identity retained
ran-selector/osm_client.py	13,25,57	ACTIVE	deployment-identities	FIXED: shared contract/state/discovery, or canonical upstream URL/component identity retained
ran-selector/osm_client.py	12	ACTIVE	network-address,endpoint	FIXED: shared contract/state/discovery, or canonical upstream URL/component identity retained
ran-selector/osm_client.py	15	ACTIVE	uuid,resource/profile	FIXED: shared contract/state/discovery, or canonical upstream URL/component identity retained
ran-selector/select.sh	25,32,43,48	LEGACY-DORMANT	resource/profile	DEFERRED: preserved blocked component or historical/hardware helper; not used by ready registry dashboard path
ran-selector/select.sh	22-23,34,37,49-50	LEGACY-DORMANT	resource/profile,deployment-identities	DEFERRED: preserved blocked component or historical/hardware helper; not used by ready registry dashboard path
scripts/common.sh	48	ACTIVE	endpoint	FIXED: shared contract/state/discovery, or canonical upstream URL/component identity retained
scripts/common.sh	44	ACTIVE	network-address	FIXED: shared contract/state/discovery, or canonical upstream URL/component identity retained
scripts/common.sh	62	ACTIVE	resource/profile	FIXED: shared contract/state/discovery, or canonical upstream URL/component identity retained
scripts/deploy-oran-oai-rfsim.sh	3	DOCUMENTATION	external-radio/IMS/RIC	RETAINED: canonical default, test fixture or historical documentation
scripts/deploy-oran-oai-rfsim.sh	161	DOCUMENTATION	resource/profile	RETAINED: canonical default, test fixture or historical documentation
scripts/deploy-oran-oai-rfsim.sh	24,32,59-60,63,91,103-104,106-107,113,117,120,127-128,132-133,135-136,141-142,146-147,152,155-156,189,194-195	LEGACY-DORMANT	deployment-identities	DEFERRED: preserved blocked component or historical/hardware helper; not used by ready registry dashboard path
scripts/deploy-oran-oai-rfsim.sh	245,247	LEGACY-DORMANT	external-radio/IMS/RIC	DEFERRED: preserved blocked component or historical/hardware helper; not used by ready registry dashboard path
scripts/deploy-oran-oai-rfsim.sh	7,43-44	LEGACY-DORMANT	resource/profile	DEFERRED: preserved blocked component or historical/hardware helper; not used by ready registry dashboard path
scripts/deploy-oran-oai-rfsim.sh	8	LEGACY-DORMANT	uuid	DEFERRED: preserved blocked component or historical/hardware helper; not used by ready registry dashboard path
scripts/enable-oran-oai-e2.sh	3,5,11,20-21	DOCUMENTATION	external-radio/IMS/RIC	RETAINED: canonical default, test fixture or historical documentation
scripts/enable-oran-oai-e2.sh	39-40,48-49,64-65,71-72,77-78,82-85,91,99,110,116,118-119,176,232,238-239,243-244,252,255,258-259,264-265,269-270,282,304,308,316,321,398-399	LEGACY-DORMANT	deployment-identities	DEFERRED: preserved blocked component or historical/hardware helper; not used by ready registry dashboard path
scripts/enable-oran-oai-e2.sh	53,135,137-140,142-143,147-149,152,154-155,158-161,164,168-171,292,298,303,312,373,393,403	LEGACY-DORMANT	external-radio/IMS/RIC	DEFERRED: preserved blocked component or historical/hardware helper; not used by ready registry dashboard path
scripts/enable-oran-oai-e2.sh	25,167,173,188	LEGACY-DORMANT	network-address	DEFERRED: preserved blocked component or historical/hardware helper; not used by ready registry dashboard path
scripts/enable-oran-oai-e2.sh	172	LEGACY-DORMANT	network-address,external-radio/IMS/RIC	DEFERRED: preserved blocked component or historical/hardware helper; not used by ready registry dashboard path
scripts/enable-oran-oai-e2.sh	13,175	LEGACY-DORMANT	resource/profile	DEFERRED: preserved blocked component or historical/hardware helper; not used by ready registry dashboard path
scripts/enable-oran-oai-e2.sh	14	LEGACY-DORMANT	uuid	DEFERRED: preserved blocked component or historical/hardware helper; not used by ready registry dashboard path
scripts/experiments/e2-sm-isolation-test.yaml	9,12-13,171,178-179,184	LEGACY-DORMANT	deployment-identities	DEFERRED: preserved blocked component or historical/hardware helper; not used by ready registry dashboard path
scripts/experiments/e2-sm-isolation-test.yaml	157,172,186	LEGACY-DORMANT	external-radio/IMS/RIC	DEFERRED: preserved blocked component or historical/hardware helper; not used by ready registry dashboard path
scripts/experiments/e2-sm-isolation-test.yaml	156	LEGACY-DORMANT	network-address	DEFERRED: preserved blocked component or historical/hardware helper; not used by ready registry dashboard path
scripts/instantiate-with-retry.sh	16	LEGACY-DORMANT	credential-setting	DEFERRED: preserved blocked component or historical/hardware helper; not used by ready registry dashboard path
scripts/instantiate-with-retry.sh	7	LEGACY-DORMANT	network-address,endpoint	DEFERRED: preserved blocked component or historical/hardware helper; not used by ready registry dashboard path
scripts/instantiate-with-retry.sh	8	LEGACY-DORMANT	uuid,resource/profile	DEFERRED: preserved blocked component or historical/hardware helper; not used by ready registry dashboard path
scripts/osm_catalog.py	60	ACTIVE	deployment-identities	FIXED: shared contract/state/discovery, or canonical upstream URL/component identity retained
scripts/osm_onboard.py	25-26	ACTIVE	credential-setting	FIXED: shared contract/state/discovery, or canonical upstream URL/component identity retained
scripts/osm_onboard.py	28	ACTIVE	network-address,endpoint	FIXED: shared contract/state/discovery, or canonical upstream URL/component identity retained
scripts/osm_packages.py	411,419,426,444	ACTIVE	deployment-identities	FIXED: shared contract/state/discovery, or canonical upstream URL/component identity retained
scripts/osm_packages.py	382,392,446	ACTIVE	resource/profile	FIXED: shared contract/state/discovery, or canonical upstream URL/component identity retained
scripts/rename-ran-packages.sh	11-12	LEGACY-DORMANT	deployment-identities	DEFERRED: preserved blocked component or historical/hardware helper; not used by ready registry dashboard path
scripts/rename-ran-packages.sh	3	LEGACY-DORMANT	reference-path	DEFERRED: preserved blocked component or historical/hardware helper; not used by ready registry dashboard path
scripts/scenario_registry.py	74,137	ACTIVE	deployment-identities	FIXED: shared contract/state/discovery, or canonical upstream URL/component identity retained
scripts/validate.sh	77	ACTIVE	deployment-identities	FIXED: shared contract/state/discovery, or canonical upstream URL/component identity retained
scripts/validate.sh	62,172,180	ACTIVE	endpoint	FIXED: shared contract/state/discovery, or canonical upstream URL/component identity retained
scripts/validate.sh	89	ACTIVE	resource/profile	FIXED: shared contract/state/discovery, or canonical upstream URL/component identity retained
scripts/validate.sh	76	DOCUMENTATION	deployment-identities	RETAINED: canonical default, test fixture or historical documentation
scripts/validate.sh	75	DOCUMENTATION	resource/profile	RETAINED: canonical default, test fixture or historical documentation
tests/test_osm_packages.py	170,180,222	TEST	deployment-identities	RETAINED: canonical default, test fixture or historical documentation
tests/test_p0a_safety.py	368,381	TEST	credential-setting	RETAINED: canonical default, test fixture or historical documentation
tests/test_p0a_safety.py	324-325,328	TEST	deployment-identities	RETAINED: canonical default, test fixture or historical documentation
tests/test_p0a_safety.py	175,185,188,194,382,395	TEST	endpoint	RETAINED: canonical default, test fixture or historical documentation
tests/test_p0a_safety.py	176,189,220	TEST	uuid	RETAINED: canonical default, test fixture or historical documentation
uninstall.sh	16,54,56,80	ACTIVE	deployment-identities	FIXED: shared contract/state/discovery, or canonical upstream URL/component identity retained
uninstall.sh	69,83	ACTIVE	endpoint	FIXED: shared contract/state/discovery, or canonical upstream URL/component identity retained
uninstall.sh	57,78	ACTIVE	resource/profile	FIXED: shared contract/state/discovery, or canonical upstream URL/component identity retained
uninstall.sh	81	ACTIVE	resource/profile,deployment-identities	FIXED: shared contract/state/discovery, or canonical upstream URL/component identity retained
usrp-gnb/README.md	8	DOCUMENTATION	reference-path,external-radio/IMS/RIC	RETAINED: canonical default, test fixture or historical documentation
usrp-gnb/gnb_b210.yml	5	LEGACY-DORMANT	network-address	DEFERRED: preserved blocked component or historical/hardware helper; not used by ready registry dashboard path
usrp-gnb/gnb_b210.yml	7	LEGACY-DORMANT	network-address,external-radio/IMS/RIC	DEFERRED: preserved blocked component or historical/hardware helper; not used by ready registry dashboard path
